id_commune;nom_commune;code_departement;nb_hab;id_region
65199;GERM;65;36;76
66154;PUYVALADOR;66;63;76
2A021;ARGIUSTA-MORICCIO;2A;77;94
6102;RIMPLAS;6;91;93
5064;LA CHAPELLE-EN-VALGAUDEMAR;5;105;93
79124;LES FORGES;79;112;75
88347;PIERREFITTE;88;118;44
4176;SAINTE CROIX DU VERDON;4;119;93
4069;DEMANDOLX;4;135;93
2A119;FRASSETO;2A;137;94
50033;BAUBIGNY;50;141;28
38040;BESSE;38;141;84
2A200;PALNECA;2A;143;94
65481;BAREGES;65;159;76
2A018;ARBELLARA;2A;160;94
2A035;BELVEDERE-CAMPOMORO;2A;161;94
65384;SAILHAN;65;173;76
89267;MONTREAL;89;177;27
4102;LE LAUZET UBAYE;4;179;93
38020;AURIS;38;183;84
10102;COLOMBE LA FOSSE;10;189;44
64204;EAUX BONNES;64;193;75
39392;OFFLANGES;39;194;27
2A254;QUENZA;2A;200;94
11310;RENNES LES BAINS;11;201;76
2537;NANTEUIL LA FOSSE;2;202;32
30017;ARRIGAS;30;210;76
2A071;CASALABRIVA;2A;214;94
63098;CHASTREIX;63;223;84
1210;LELEX;1;228;84
27660;LA TRINITE DE REVILLE;27;237;28
5072;LAYE;5;243;93
2410;LARGNY SUR AUTOMNE;2;244;32
65017;ARAGNOUET;65;249;76
6086;MOULINET;6;251;93
9322;USTOU;9;272;76
5111;PUY-SANIERES;5;273;93
64385;MIOSSENS LANUSSE;64;275;75
77004;ANDREZEL;77;286;11
77332;NANTOUILLET;77;286;11
77094;CHARMENTRAY;77;299;11
5110;PUY SAINT VINCENT;5;301;93
78565;SAINT-MARTIN-DES-CHAMPS;78;303;11
4086;FAUCON-DE-BARCELONNETTE;4;303;93
1247;MIJOUX;1;312;84
54550;VATHIMENIL;54;322;44
65465;VIELLE-AURE;65;325;76
63241;MONTPEYROUX;63;326;84
60367;LOCONVILLE;60;333;32
30203;PORTES;30;334;76
91180;COURANCES;91;337;11
30309;SARDAN;30;337;76
38527;VAUJANY;38;342;84
6141;TOUDON;6;347;93
5153;SAINT-MICHEL-DE-CHAILLOL;5;352;93
77325;MOUY-SUR-SEINE;77;359;11
5093;NEVACHE;5;359;93
38129;CORRENCON-EN-VERCORS;38;360;84
26290;SAINT-AGNAN-EN-VERCORS;26;362;84
88122;DAMAS-ET-BETTEGNEY;88;364;44
30231;SAINT ANDRE DE VALBORGNE;30;364;76
73013;ALBIEZ-MONTROND;73;365;84
77163;DOUY-LA-RAMEE;77;367;11
38186;GRESSE-EN-VERCORS;38;377;84
77024;BASSEVELLE;77;382;11
5001;ABRIES-RISTOLAS;5;383;93
38163;LE HAUT-BREDA;38;387;84
4073;ENCHASTRAYES;4;388;93
2A070;CASAGLIONE;2A;389;94
78366;MAREIL-LE-GUYON;78;391;11
2A324;TAVERA;2A;399;94
6036;CASTILLON;6;400;93
2A312;SANTA-MARIA-SICHE;2A;404;94
65168;ESQUIEZE-SERE;65;406;76
74290;VALLORCINE;74;406;84
4126;MONTCLAR;4;406;93
38567;CHAMROUSSE;38;407;84
34075;CESSERAS;34;413;76
14059;BENERVILLE-SUR-MER;14;414;28
4022;BARREME;4;417;93
26322;SAINT-PANTALEON-LES-VIGNES;26;420;84
76406;MANIQUERVILLE;76;421;28
76325;GREMONVILLE;76;438;28
2201;COEUVRES ET VALSERY;2;441;32
24086;CASTELNAUD-LA-CHAPELLE;24;448;75
38128;CORPS;38;450;84
7131;LANAS;7;452;84
39453;RAVILLOLES;39;453;27
89380;SAVIGNY SUR CLAIRIS;89;454;27
42039;CHALMAZEL-JEANSAGNIERE;42;454;84
5085;MONTGENEVRE;5;454;93
77062;CARNETIN;77;455;11
88273;LONGCHAMP;88;456;44
5084;MONTGARDIN;5;457;93
6132;SAORGE;6;458;93
17034;BARZAN;17;463;75
2A212;PIANA;2A;468;94
4203;SELONNET;4;475;93
95523;LA ROCHE-GUYON;95;479;11
54426;PIERRE-LA-TREICHE;54;480;44
1436;VESANCY;1;481;84
91560;SAINT-JEAN-DE-BEAUREGARD;91;487;11
2A276;SERRA-DI-FERRO;2A;489;94
1060;BRENOD;1;493;84
7100;GRAVIERES;7;499;84
2A048;CALCATOGGIO;2A;499;94
1357;ST-GERMAIN-DE-JOUX;1;502;84
66082;FORMIGUERES;66;505;76
54252;HAROUE;54;506;44
38387;SAINT-GEOIRS;38;506;84
54137;CONS-LA-GRANDVILLE;54;507;44
88341;PAIR-ET-GRANDRUPT;88;508;44
47055;CASTELNAUD DE GRATECAMBE;47;516;75
5156;SAINT-SAUVEUR;5;516;93
88177;LA FORGE;88;520;44
4151;PIERRERUE;4;520;93
9176;LUZENAC;9;521;76
4139;NOYERS-SUR-JABRON;4;523;93
39047;BELLEFONTAINE;39;527;27
5177;VARS;5;528;93
64522;SEVIGNACQ MEYRACQ;64;530;75
26247;PONSAS;26;531;84
2A198;OTA;2A;539;94
51152;CHIGNY-LES-ROSES;51;540;44
95270;GENAINVILLE;95;541;11
5098;LES ORRES;5;543;93
73235;SAINT FRANCOIS LONGCHAMP;73;545;84
48198;VILLEFORT;48;548;76
51643;VINAY;51;549;44
6016;BEUIL;6;551;93
66004;LES ANGLES;66;553;76
73307;VALMEINIER;73;566;84
6020;LA BOLLENE-VESUBIE;6;566;93
6070;GREOLIERES;6;570;93
33241;LESTIAC-SUR-GARONNE;33;571;75
88262;LAVELINE-DEVANT-BRUYERES;88;582;44
83139;TOURTOUR;83;585;93
80524;MEHARICOURT;80;588;32
2755;URCEL;2;589;32
17286;LES PORTES-EN-RE;17;594;75
4226;UVERNET-FOURS;4;594;93
2B020;AREGNO;2B;598;94
6071;GUILLAUMES;6;600;93
88198;GERBEPAL;88;601;44
86034;BOURESSE;86;601;75
43007;ARAULES;43;602;84
91671;VILLENEUVE-SUR-AUVERS;91;604;11
25197;DELUZ;25;616;27
70116;CHAGEY;70;617;27
69196;SAINT-DIDIER-SUR-BEAUJEU;69;617;84
1187;HAUT-VALROMEY;1;618;84
40195;MONTGAILLARD;40;620;75
1240;MATAFELON-GRANGES;1;627;84
4189;SAINT-MARTIN-DE-BROMES;4;627;93
51065;BLACY;51;632;44
88442;SAPOIS;88;635;44
78484;PERDREAUVILLE;78;637;11
42232;SAINT-HAON-LE-CHATEL;42;637;84
84008;BARROUX (LE);84;639;93
84144;VIENS;84;641;93
95328;LABBEVILLE;95;643;11
77511;VILLENEUVE SOUS DAMMARTIN;77;645;11
77059;BUSSY-SAINT-MARTIN;77;647;11
6003;ANDON;6;648;93
76613;SAINT MARTIN AUX BUNEAUX;76;651;28
6073;ISOLA;6;653;93
5119;RISOUL;5;655;93
77237;JOSSIGNY;77;656;11
77474;TRILBARDOU;77;657;11
64463;REBENACQ;64;663;75
28213;LORMAYE;28;665;24
6042;CLANS;6;665;93
77321;MOUSSEAUX-LES-BRAY;77;672;11
34152;MAS-DE-LONDRES;34;672;76
69111;LEGNY;69;673;84
5096;ORCIERES;5;674;93
74190;MORILLON;74;676;84
77201;GASTINS;77;678;11
2A090;COGGIA;2A;679;94
56062;GAVRES;56;680;53
26213;MORAS-EN-VALLOIRE;26;681;84
88253;JEUXEY;88;683;44
42301;SOLEYMIEUX;42;689;84
6013;BELVEDERE;6;690;93
40235;POYANNE;40;691;75
6162;LA BRIGUE;6;696;93
73023;AUSSOIS;73;698;84
7304;SALAVAS;7;704;84
73317;VILLARD SUR DORON;73;705;84
9105;DAUMAZAN-SUR-ARIZE;9;708;76
73176;MONTVALEZAN;73;709;84
28084;CHARTAINVILLIERS;28;711;24
25494;ROCHEJEAN;25;711;27
2A098;COTI-CHIAVARI;2A;713;94
41128;MAROLLES;41;715;24
73206;PRALOGNAN-LA-VANOISE;73;715;84
83041;CLAVIERS;83;720;93
77369;POINCY;77;724;11
77081;CHAMPDEUIL;77;727;11
11048;BOUTENAC;11;727;76
30106;DURFORT-ET-SAINT-MARTIN-DE-;30;728;76
30126;GARRIGUES SAINTE EULALIE;30;731;76
60337;LACHELLE;60;732;32
17207;LOIX;17;734;75
1204;LE POIZAT-LALLEYRIAT;1;735;84
77425;SAINT-MARTIN-EN-BIERE;77;737;11
40211;ORIST;40;742;75
74294;VERCHAIX;74;755;84
73132;HAUTELUCE;73;758;84
29256;SAINT-NIC;29;760;53
63285;PONTGIBAUD;63;762;84
63380;SAINT-NECTAIRE;63;762;84
18157;MORTHOMIERS;18;763;24
40043;BIAS;40;763;75
69004;ALIX;69;768;84
69126;MARCY;69;768;84
54253;HATRIZE;54;773;44
6158;VILLARS-SUR-VAR;6;776;93
73109;EPIERRE;73;777;84
73024;LES AVANCHERS VALMOREL;73;778;84
77266;MACHAULT;77;779;11
14701;TOURGEVILLE;14;782;28
6094;PEONE;6;783;93
11024;BAGES;11;784;76
80826;WOIGNARUE;80;791;32
65031;ARREAU;65;792;76
28172;GAS;28;797;24
39510;SEPTMONCEL LES MOLUNES;39;800;27
77202;GENEVRAYE (LA);77;802;11
33534;LE TOURNE;33;802;75
69265;VILLE SUR JARNIOUX;69;802;84
73114;FLUMET;73;802;84
64538;UHART-CIZE;64;803;75
50356;MOON-SUR-ELLE;50;804;28
48096;MEYRUEIS;48;807;76
60173;CRAMOISY;60;810;32
74069;CHENEX;74;810;84
1079;CHAMPAGNE-EN-VALROMEY;1;811;84
77082;CHAMPEAUX;77;815;11
66020;BOLQUERE;66;818;76
76637;SAINT-PIERRE-EN-PORT;76;823;28
62445;HESDIGNEUL-LES-BETHUNE;62;823;32
4006;ALLOS;4;824;93
64339;LESTELLE BETHARRAM;64;825;75
65002;ADE;65;826;76
60559;LA RUE ST PIERRE;60;829;32
80627;PLACHY-BUYON;80;829;32
1030;BEAUREGARD;1;829;84
25073;BONNAY;25;830;27
64409;MOUMOUR;64;831;75
88500;VENTRON;88;832;44
33201;HAUX;33;833;75
6153;VALDEBLORE;6;835;93
69078;DUERNE;69;837;84
65388;SAINT-LARY-SOULAN;65;844;76
74099;DEMI-QUARTIER;74;844;84
56110;LIGNOL;56;846;53
2A349;VIGGIANELLO;2A;846;94
64467;RONTIGNON;64;849;75
19243;SAINT-SORNIN-LAVOLPS;19;851;75
62899;WISSANT;62;854;32
77347;ORMES-SUR-VOULZIE (LES);77;856;11
95678;VILLIERS-ADAM;95;861;11
77272;MAISON-ROUGE;77;862;11
95452;NOINTEL;95;863;11
78398;MESNULS (LES);78;865;11
6151;UTELLE;6;867;93
60432;MORTEFONTAINE;60;868;32
77462;THIEUX;77;872;11
10123;DIENVILLE;10;873;44
69125;MARCILLY-D AZERGUES;69;876;84
65138;CAUTERETS;65;878;76
69215;SAINT-JULIEN;69;879;84
51196;CRAMANT;51;880;44
95651;VETHEUIL;95;884;11
53073;CONGRIER;53;887;52
60033;AVILLY ST LEONARD;60;888;32
60197;DIEUDONNE;60;889;32
2A348;VICO;2A;889;94
62785;SAVY-BERLETTE;62;895;32
77436;SAINT-SIMEON;77;896;11
71404;SAINT-DESERT;71;896;27
50481;SAINT-GERMAIN-SUR-AY;50;900;28
88201;GIRANCOURT;88;900;44
91581;SAINT-YON;91;902;11
91293;GUIGNEVILLE;91;903;11
78522;ROCHEFORT-EN-YVELINES;78;907;11
2A215;PIANOTTOLI-CALDARELLO;2A;910;94
91469;ORMOY-LA-RIVIERE;91;911;11
25307;LES HOPITAUX NEUFS;25;913;27
5139;LE DEVOLUY;5;916;93
5004;ANCELLE;5;917;93
78474;ORVILLIERS;78;927;11
60652;VALDAMPIERRE;60;929;32
56114;LOCMARIA;56;931;53
5161;LA SALLE;5;935;93
91546;SAINT-CYR-SOUS-DOURDAN;91;937;11
65295;LUZ-SAINT-SAUVEUR;65;939;76
22160;NOYAL;22;946;53
84124;SAUMANE-DE-VAUCLUSE;84;946;93
6014;BENDEJUN;6;947;93
7268;SAINT-MARTIN-D' ARDECHE;7;949;84
6109;LA ROQUETTE SUR VAR;6;950;93
78623;TREMBLAY-SUR-MAULDRE (LE);78;951;11
77117;CITRY;77;953;11
45281;SAINT-HILAIRE-LES-ANDRESIS;45;953;24
78246;FONTENAY-SAINT-PERE;78;954;11
91639;VAYRES-SUR-ESSONNE;91;959;11
34215;POUZOLS;34;959;76
77044;BOMBON;77;960;11
38442;SAINT-PIERRE-DE-CHARTREUSE;38;962;84
49090;CHEFFES;49;974;52
34288;SAINT-SERIES;34;976;76
1396;SAULT-BRENAZ;1;977;84
77510;VILLENEUVE-SAINT-DENIS;77;982;11
74089;CORDON;74;984;84
77077;CHAMBRY;77;993;11
53216;ST FRAIMBAULT DE PRIERES;53;993;52
74108;DUINGT;74;994;84
56241;SAUZON;56;996;53
74160;MANIGOD;74;996;84
35247;ROZ-SUR-COUESNON;35;998;53
60067;BETHISY ST MARTIN;60;1005;32
60358;LEVIGNEN;60;1008;32
78381;MAULETTE;78;1013;11
69173;SARCEY;69;1016;84
78193;DAMPIERRE-EN-YVELINES;78;1022;11
95594;SEUGY;95;1025;11
51028;AVENAY-VAL-D'OR;51;1031;44
54584;VILLEY-SAINT-ETIENNE;54;1032;44
42180;PRECIEUX;42;1035;84
48027;MONT LOZERE ET GOULET;48;1039;76
78451;NEZEL;78;1040;11
60601;ST VAAST LES MELLO;60;1041;32
38002;LES ADRETS;38;1044;84
25413;MOUTHE;25;1047;27
10382;TRAINEL;10;1047;44
1158;FARGES;1;1048;84
64416;NAVARRENX;64;1052;75
45046;BOULAY-LES-BARRES;45;1053;24
69107;LAMURE SUR AZERGUES;69;1055;84
74266;SERVOZ;74;1057;84
5079;LE MONETIER-LES-BAINS;5;1060;93
73306;VALLOIRE;73;1066;84
18005;ALLOUIS;18;1068;24
40019;AUREILHAN;40;1068;75
11144;FITOU;11;1069;76
30249;SAINT-DIONISY;30;1070;76
8385;SAINT-LAURENT;8;1071;44
64040;ARETTE;64;1074;75
60635;THIVERNY;60;1075;32
5164;SAVINES-LE-LAC;5;1076;93
38011;ANTHON;38;1077;84
60578;SAINTINES;60;1080;32
30260;SAINT-HILAIRE-D OZILHAN;30;1080;76
45006;ARDON;45;1092;24
30140;LASALLE;30;1106;76
77435;SAINT-SAUVEUR-SUR-ECOLE;77;1107;11
54518;THIAUCOURT-REGNIEVILLE;54;1110;44
77280;MARY-SUR-MARNE;77;1114;11
47128;LAFOX;47;1116;75
54383;MONT-SUR-MEURTHE;54;1117;44
74085;LES CONTAMINES MONTJOIE;74;1118;84
83051;ENTRECASTEAUX;83;1118;93
6035;CASTELLAR;6;1126;93
95088;BONNEUIL-EN-FRANCE;95;1129;11
42248;SAINT-JUST-EN-CHEVALET;42;1130;84
38279;NOTRE-DAME-DE-MESAGE;38;1131;84
77177;FAVIERES;77;1132;11
14557;SAINT-ARNOULT;14;1132;28
11285;PEYRIAC DE MER;11;1132;76
38347;ROYBON;38;1132;84
4096;JAUSIERS;4;1132;93
91132;CHAMARANDE;91;1133;11
60666;VER SUR LAUNETTE;60;1135;32
69036;CERCIE;69;1138;84
64374;MAZEROLLES;64;1139;75
77001;ACHERES-LA-FORET;77;1142;11
77221;GUERMANTES;77;1144;11
77232;ISLES-LES-VILLENOY;77;1149;11
5101;VALLOUISE-PELVOUX;5;1154;93
77453;SIVRY-COURTRY;77;1155;11
51346;MAREUIL-LE-PORT;51;1157;44
76382;LANQUETOT;76;1161;28
34254;SAINT-FELIX-DE-LODEZ;34;1163;76
54162;DOMGERMAIN;54;1164;44
25084;BOUSSIERES;25;1166;27
43262;VIEILLE-BRIOUDE;43;1167;84
69067;COURZIEU;69;1168;84
30253;SAINT-FLORENT-SUR-AUZONNET;30;1169;76
60489;PEROY LES GOMBRIES;60;1174;32
35362;LE TRONCHET;35;1177;53
77457;SOLERS;77;1179;11
69071;CURIS-AU-MONT-D'OR;69;1179;84
40187;MOLIETS-ET-MAA;40;1185;75
64320;LARUNS;64;1185;75
77209;GOUVERNES;77;1186;11
1258;MONTCEAUX;1;1190;84
35231;POLIGNE;35;1195;53
74088;COPPONEX;74;1195;84
33195;GRIGNOLS;33;1197;75
77292;MESSY;77;1199;11
39441;PREMANON;39;1200;27
39501;SAMPANS;39;1200;27
33311;PAILLET;33;1204;75
77022;BARBIZON;77;1207;11
91679;VILLIERS-LE-BACLE;91;1212;11
95628;VALMONDOIS;95;1213;11
74134;LES GETS;74;1215;84
2A189;OLMETO;2A;1218;94
30171;MOLIERES-SUR-CEZE;30;1219;76
69233;SAINT-ROMAIN-AU-MONT-D OR;69;1228;84
11281;PEXIORA;11;1230;76
88101;CHENIMENIL;88;1236;44
76254;ETRETAT;76;1237;28
44136;PREFAILLES;44;1237;52
70117;CHALONVILLARS;70;1238;27
6015;BERRE-LES-ALPES;6;1240;93
84136;VACQUEYRAS;84;1240;93
74215;PRAZ SUR ARLY;74;1241;84
6074;LANTOSQUE;6;1241;93
78262;GALLUIS;78;1243;11
1390;SAINT-VULBAS;1;1246;84
34282;SAINT PAUL ET VALMALLE;34;1248;76
69045;CHARENTAY;69;1248;84
72084;CLERMONT CREANS;72;1259;52
91109;BRIERES-LES-SCELLES;91;1260;11
30288;SAINT-NAZAIRE;30;1262;76
65127;CAPVERN;65;1264;76
25293;GRANGES NARBOZ;25;1267;27
91599;SOISY-SUR-ECOLE;91;1282;11
47324;VILLEREAL;47;1283;75
5166;SERRES;5;1285;93
69201;SAINTE-FOY-L ARGENTIERE;69;1286;84
95409;MOISSELLES;95;1287;11
9032;AX-LES-THERMES;9;1288;76
74205;ONNION;74;1288;84
54364;MEREVILLE;54;1289;44
78269;GAZERAN;78;1290;11
6077;LUCERAM;6;1294;93
19269;TREIGNAC;19;1297;75
80333;FORT-MAHON-PLAGE;80;1298;32
25157;LA CLUSE ET MIJOUX;25;1299;27
6031;CANTARON;6;1300;93
74284;LA TOUR;74;1301;84
17019;ARS-EN-RE;17;1302;75
59196;ENNETIERES-EN-WEPPES;59;1304;32
38191;HUEZ;38;1306;84
80702;SAINT-FUSCIEN;80;1309;32
91047;BAULNE;91;1311;11
85278;SAINT-VINCENT-SUR-JARD;85;1312;52
80649;QUEND;80;1313;32
65123;CAMPAN;65;1313;76
33545;VERTHEUIL;33;1314;75
25265;GENEUILLE;25;1317;27
4178;SAINT-ETIENNE-LES-ORGUES;4;1319;93
38528;VAULNAVEYS-LE-BAS;38;1321;84
33544;LE VERDON SUR MER;33;1326;75
95177;CORMEILLES-EN-VEXIN;95;1333;11
83011;BARGEMON;83;1334;93
72056;CHAMPFLEUR;72;1336;52
6113;SAINTE-AGNES;6;1338;93
25380;METABIEF;25;1339;27
91525;ROINVILLE-SOUS-DOURDAN;91;1340;11
91080;BOISSY-LE-CUTTE;91;1341;11
28113;COULOMBS;28;1343;24
60330;LABOISSIERE EN THELLE;60;1347;32
26211;MONTSEGUR-SUR-LAUZON;26;1348;84
88081;BUSSANG;88;1349;44
91634;VAUGRIGNEUSE;91;1355;11
42270;SAINT-PAUL-EN-CORNILLON;42;1357;84
7116;LABEGUDE;7;1358;84
76141;BREAUTE;76;1359;28
34173;MONTPEYROUX;34;1360;76
88132;DEYVILLERS;88;1361;44
6138;THEOULE-SUR-MER;6;1362;93
26008;ANCONE;26;1370;84
4079;L ESCALE;4;1371;93
42156;NEULISE;42;1372;84
34204;PLAISSAN;34;1373;76
24226;LAMOTHE-MONTRAVEL;24;1377;75
42093;FARNAY;42;1379;84
69031;BRUSSIEU;69;1379;84
4205;SEYNE;4;1379;93
88126;DARNIEULLES;88;1380;44
2318;FOLEMBRAY;2;1381;32
74090;CORNIER;74;1385;84
30325;SUMENE;30;1388;76
2A269;SARI-SOLENZARA;2A;1392;94
78562;SAINT-LEGER-EN-YVELINES;78;1394;11
80039;AULT;80;1397;32
2A288;SOTTA;2A;1401;94
60695;VINEUIL ST FIRMIN;60;1402;32
30174;MONTAREN-ET-SAINT-MEDIERS;30;1403;76
25254;LES FOURGS;25;1405;27
6025;LE BROC;6;1414;93
89414;THORIGNY-SUR-OREUSE;89;1417;27
40326;VIELLE-ST-GIRONS;40;1420;75
83083;MONTFORT SUR ARGENS;83;1420;93
78143;CHATEAUFORT;78;1423;11
70561;VILLERSEXEL;70;1423;27
78616;THOIRY;78;1424;11
77125;CONDE-SAINTE-LIBIAIRE;77;1426;11
77318;MORTCERF;77;1431;11
50403;PIROU;50;1432;28
39154;CLAIRVAUX-LES-LACS;39;1435;27
34180;NEBIAN;34;1437;76
17109;CLAVETTE;17;1438;75
6127;SAINT-MARTIN-VESUBIE;6;1444;93
4145;PEIPIN;4;1448;93
70428;PUSEY;70;1455;27
7255;ST JULIEN EN ST ALBAN;7;1461;84
6092;PEILLON;6;1465;93
4039;CASTELLANE;4;1470;93
69200;SAINT-FORGEUX;69;1472;84
91332;LEUDEVILLE;91;1477;11
43236;SEAUVE-SUR-SEMENE (LA);43;1480;84
22379;TREVOU-TREGUIGNEC;22;1483;53
91630;VAL-SAINT-GERMAIN (LE);91;1486;11
34014;ASSAS;34;1488;76
76596;SAINT-LAURENT-DE-BREVEDENT;76;1491;28
69085;FLEURIEU-SUR-SAONE;69;1492;84
6121;SAINT-JEAN-CAP-FERRAT;6;1492;93
6067;GORBIO;6;1493;93
2A085;CAURO;2A;1493;94
28173;GASVILLE OISEME;28;1494;24
6120;SAINT-ETIENNE-DE-TINEE;6;1494;93
91198;D   HUISON LONGUEVILLE;91;1495;11
56233;SAINT-PHILIBERT;56;1495;53
51210;DIZY;51;1496;44
35057;LA CHAPELLE BOUEXIC;35;1496;53
63038;BESSE-ET-SAINT-ANASTAISE;63;1497;84
91274;GOMETZ-LA-VILLE;91;1502;11
95675;VILLERON;95;1506;11
42204;SAINT-BONNET-LE-CHATEAU;42;1510;84
11199;LAVALETTE;11;1513;76
39411;PERRIGNY;39;1515;27
88531;XONRUPT-LONGEMER;88;1515;44
83082;MONTFERRAT;83;1527;93
49140;FONTEVRAUD L ABBAYE;49;1528;52
5133;SAINT-CHAFFREY;5;1531;93
14312;GRANDCAMP-MAISY;14;1536;28
34067;CAZILHAC;34;1536;76
69168;ROCHETAILLEE-SUR-SAONE;69;1536;84
60277;GOINCOURT;60;1544;32
89239;MALAY LE GRAND;89;1547;27
26182;MIRABEL-AUX-BARONNIES;26;1550;84
14079;BLONVILLE-SUR-MER;14;1553;28
22094;LANCIEUX;22;1558;53
74238;SAINT-JEAN-D'AULPS;74;1558;84
78128;CERNAY-LA-VILLE;78;1559;11
86207;LA ROCHE POSAY;86;1560;75
77363;LE PIN;77;1568;11
62609;NEUVILLE-ST-VAAST;62;1571;32
45072;CHANTEAU;45;1574;24
79114;EXIREUIL;79;1578;75
73304;VAL-D ISERE;73;1583;84
14243;EQUEMAUVILLE;14;1587;28
24362;VAL DE LOUYRE ET CAUDEAU;24;1588;75
91244;FONTENAY-LE-VICOMTE;91;1591;11
78520;RICHEBOURG;78;1593;11
25222;ETALANS;25;1595;27
26042;BEAUVALLON;26;1599;84
6066;GILETTE;6;1599;93
22179;FREHEL;22;1602;53
74153;LUCINGES;74;1607;84
40328;VIEUX BOUCAU-LES-BAINS;40;1614;75
84009;LA BASTIDE DES JOURDANS;84;1614;93
27119;BUEIL;27;1615;28
2795;VIC SUR AISNE;2;1618;32
8043;BALAN;8;1622;44
56258;LA TRINITE SUR MER;56;1622;53
70378;NAVENNE;70;1623;27
40272;ST-MARTIN-DE-HINX;40;1625;75
34128;LAROQUE;34;1625;76
24356;ROUFFIGNAC-ST-CERNIN-DE-REILHA;24;1628;75
88349;PLAINFAING;88;1641;44
4244;VOLONNE;4;1641;93
39059;BOIS-D AMONT;39;1642;27
34039;BOUZIGUES;34;1643;76
32096;CAZAUBON;32;1654;76
40157;LIT ET MIXE;40;1657;75
6019;BLAUSASC;6;1657;93
83110;ROUGIERS;83;1662;93
77531;VOULX;77;1664;11
37196;RICHELIEU;37;1664;24
74189;MONT-SAXONNEX;74;1667;84
28094;CHAUDON;28;1670;24
78189;CRESPIERES;78;1671;11
30073;CASTILLON-DU-GARD;30;1672;76
89100;CHEROY;89;1676;27
40266;ST-JULIEN-EN-BORN;40;1683;75
7259;SAINT-JUST-D'ARDECHE;7;1688;84
51663;MAGENTA;51;1697;44
22143;MATIGNON;22;1697;53
74080;LA CLUSAZ;74;1709;84
14338;HOULGATE;14;1711;28
50562;SAINT-VAAST-LA-HOUGUE;50;1712;28
7089;FELINES;7;1713;84
91175;CORBREUSE;91;1718;11
42026;BRIENNON;42;1719;84
91017;ANGERVILLIERS;91;1723;11
85011;BARBATRE;85;1723;52
73243;SAINT-JEAN-D ARVEY;73;1726;84
4166;RIEZ;4;1726;93
89370;ST VALERIEN;89;1727;27
38030;BEAUCROISSANT;38;1740;84
85298;VAIRE;85;1744;52
7296;SAINT-SERNIN;7;1748;84
51029;AVIZE;51;1754;44
97201;AJOUPA BOUILLON;972;1756;2
71479;SAINT SERNIN DU BOIS;71;1758;27
89438;VENOY;89;1759;27
76743;VILLERS ECALLES;76;1765;28
30317;SERNHAC;30;1765;76
64198;DENGUIN;64;1766;75
78152;CHAVENAY;78;1767;11
2A008;ALBITRECCIA;2A;1771;94
1363;SAINT-JEAN-LE-VIEUX;1;1772;84
17127;COURCON;17;1776;75
35216;PARTHENAY-DE-BRETAGNE;35;1780;53
2B185;OLETTA;2B;1781;94
66187;SAINT-PAUL-DE-FENOUILLET;66;1790;76
33490;SAINT-VIVIEN-DE-MEDOC;33;1791;75
25364;MAMIROLLE;25;1795;27
51536;SILLERY;51;1796;44
38187;LE GUA;38;1796;84
25318;JOUGNE;25;1801;27
2A017;APPIETTO;2A;1813;94
74212;GLIERES-VAL-DE-BORNE;74;1814;84
51262;FRIGNICOURT;51;1816;44
59173;DEULEMONT;59;1818;32
59332;LANNOY;59;1819;32
26338;SAUZET;26;1823;84
77148;CROUY-SUR-OURCQ;77;1825;11
77339;NOISY-SUR-ECOLE;77;1827;11
30290;SAINT-PAULET-DE-CAISSON;30;1830;76
88178;LES FORGES;88;1833;44
6103;ROQUEBILLIERE;6;1833;93
95353;MAFFLIERS;95;1834;11
2A139;LECCI;2A;1838;94
66124;FONT-ROMEU ODEILLO-VIA;66;1840;76
6099;PUGET-THENIERS;6;1840;93
64493;SAINT-PALAIS;64;1841;75
95078;BOISSY-L'AILLERIE;95;1844;11
54432;PONT-SAINT-VINCENT;54;1844;44
74014;ARACHES LA FRASSE;74;1847;84
78550;SAINT-GERMAIN-DE-LA-GRANGE;78;1850;11
82155;SAINT ANTONIN NOBLE VAL;82;1851;76
77447;SEINE-PORT;77;1853;11
33506;SAUVETERRE-DE-GUYENNE;33;1853;75
91533;SACLAS;91;1859;11
2A228;PIETROSELLA;2A;1859;94
73015;LES ALLUES;73;1860;84
2226;COURMELLES;2;1863;32
73249;SAINT-JEOIRE-PRIEURE;73;1866;84
83043;COLLOBRIERES;83;1874;93
33297;MOULIS-EN-MEDOC;33;1877;75
1148;DORTAN;1;1879;84
60025;ATTICHY;60;1881;32
60494;PLAILLY;60;1882;32
78057;BENNECOURT;78;1883;11
69189;SAINTE-COLOMBE;69;1884;84
74176;MENTHON-SAINT-BERNARD;74;1884;84
77127;COUBERT;77;1885;11
60238;FLEURINES;60;1886;32
84070;MALEMORT-DU-COMTAT;84;1887;93
88369;RAMONCHAMP;88;1889;44
7279;SAINT-MONTAN;7;1897;84
95042;BAILLET-EN-FRANCE;95;1899;11
69080;ECHALAS;69;1901;84
43153;PONT-SALOMON;43;1902;84
30311;SAUVE;30;1903;76
33415;SAINT GERVAIS;33;1905;75
78120;BULLION;78;1908;11
44107;MOUZEIL;44;1911;52
73329;VOGLANS;73;1911;84
69122;LUCENAY;69;1916;84
40150;LEON;40;1918;75
77384;REAU;77;1919;11
35226;PLEUGUENEUC;35;1927;53
42242;SAINT-JOSEPH;42;1928;84
70473;SAINT-SAUVEUR;70;1929;27
38253;LES DEUX ALPES;38;1929;84
31462;ROUFFIAC TOLOSAN;31;1931;76
77521;VILLIERS-SUR-MORIN;77;1935;11
60644;TRIE CHATEAU;60;1935;32
78337;LIMETZ-VILLEZ;78;1937;11
60119;CAMBRONNE LES RIBECOURT;60;1943;32
35122;LA GOUESNIERE;35;1943;53
54521;THIL;54;1950;44
54167;DOMMARTIN-LES-TOUL;54;1951;44
83026;CABASSE;83;1951;93
50197;GAVRAY-SUR-SIENNE;50;1956;28
84150;VISAN;84;1956;93
28201;JOUY;28;1961;24
72029;BEAUMONT SUR SARTHE;72;1967;52
69235;SAINT ROMAIN EN GAL;69;1967;84
70388;NOIDANS-LES-VESOUL;70;1978;27
88358;POUXEUX;88;1980;44
33185;GENISSAC;33;1987;75
69032;BULLY;69;1988;84
80228;LE CROTOY;80;1989;32
77433;BEAUTHEIL-SAINTS;77;1992;11
6060;FALICON;6;1994;93
95241;FONTENAY-EN-PARISIS;95;2007;11
19202;SAINTE FEREOLE;19;2007;75
77455;SOIGNOLLES-EN-BRIE;77;2009;11
2758;VAILLY-SUR-AISNE;2;2012;32
26357;TULETTE;26;2012;84
2A103;CUTTOLI-CORTICCHIATO;2A;2017;94
73296;TIGNES;73;2020;84
45030;BEAUNE-LA-ROLANDE;45;2021;24
77146;CROISSY-BEAUBOURG;77;2026;11
44203;LE TEMPLE DE BRETAGNE;44;2028;52
11258;MOUSSAN;11;2030;76
77483;VARREDDES;77;2032;11
44097;MESQUER;44;2039;52
77441;SAMOIS SUR SEINE;77;2040;11
95142;CHARS;95;2046;11
56055;ETEL;56;2054;53
84037;CHATEAUNEUF-DU-PAPE;84;2055;93
56234;SAINT-PIERRE-QUIBERON;56;2056;53
31184;FLOURENS;31;2056;76
73290;VAL CENIS;73;2062;84
5132;SAINT-BONNET-EN-CHAMPSAUR;5;2063;93
28358;ST PREST;28;2072;24
33030;BARSAC;33;2074;75
33435;SAINT-MACAIRE;33;2078;75
78087;BONNELLES;78;2079;11
31259;LACROIX FALGARDE;31;2081;76
74136;LE GRAND BORNAND;74;2096;84
77128;COUILLY-PONT-AUX-DAMES;77;2097;11
74083;COMBLOUX;74;2104;84
91511;PUSSAY;91;2106;11
34246;ENTRE-VIGNES;34;2107;76
1399;SEGNY;1;2107;84
69056;CHESSY;69;2107;84
42170;PERREUX;42;2110;84
91095;BOURAY-SUR-JUINE;91;2113;11
72013;AUBIGNE RACAN;72;2115;52
1153;ECHENEVEX;1;2115;84
83101;RAMATUELLE;83;2115;93
30315;SAZE;30;2119;76
39333;MOIRANS-EN-MONTAGNE;39;2120;27
88270;LIFFOL-LE-GRAND;88;2124;44
38309;POISAT;38;2127;84
38501;TENCIN;38;2128;84
25403;MONTLEBON;25;2129;27
40004;ANGRESSE;40;2129;75
69219;SAINT LAURENT D'AGNY;69;2133;84
77517;VILLEVAUDE;77;2137;11
1199;JUJURIEUX;1;2137;84
38194;IZEAUX;38;2137;84
6023;BREIL-SUR-ROYA;6;2137;93
50074;BRECEY;50;2139;28
60086;BORAN SUR OISE;60;2142;32
34027;BEAULIEU;34;2144;76
85164;NOTRE-DAME-DE-MONTS;85;2149;52
1103;CHEVRY;1;2149;84
74201;NEYDENS;74;2152;84
33226;LANGOIRAN;33;2154;75
33337;PREIGNAC;33;2154;75
31271;LANTA;31;2155;76
25495;ROCHE LEZ BEAUPRE;25;2157;27
1435;VERSONNEX;1;2157;84
91468;ORMOY;91;2158;11
33434;ST LOUIS DE MONTFERRAND;33;2161;75
78291;GUERVILLE;78;2166;11
6163;TENDE;6;2166;93
1401;SERGY;1;2167;84
89102;CHEVANNES;89;2169;27
77240;JOUY-SUR-MORIN;77;2171;11
1135;CROZET;1;2171;84
85012;BARRE-DE-MONTS (LA);85;2179;52
77374;PONTCARRE;77;2186;11
14409;MERVILLE FRANCEVILLE;14;2186;28
84074;MERINDOL;84;2189;93
34143;LOUPIAN;34;2191;76
74006;ALLONZIER-LA-CAILLE;74;2191;84
35256;SAINT-BRIAC-SUR-MER;35;2193;53
78090;BOUAFLE;78;2194;11
28334;ST DENIS-LANNERAY;28;2195;24
34207;POMEROLS;34;2196;76
1248;MIONNAY;1;2197;84
56005;ARZON;56;2198;53
78513;QUEUE-LES-YVELINES (LA);78;2199;11
2B087;CERVIONE;2B;2199;94
95056;BELLOY-EN-FRANCE;95;2203;11
74087;CONTAMINE-SUR-ARVE;74;2204;84
35250;SAINT-ARMEL;35;2206;53
60398;LE MESNIL EN THELLE;60;2207;32
59222;FAUMONT;59;2213;32
27502;RUGLES;27;2214;28
56168;PLOUHARNEL;56;2214;53
29045;DIRINON;29;2215;53
17369;SAINT-MARTIN-DE-RE;17;2215;75
44125;PIRIAC-SUR-MER;44;2220;52
58238;SAINT ELOI;58;2221;27
60156;CLAIROIX;60;2224;32
91156;CHEPTAINVILLE;91;2226;11
1109;COLLONGES;1;2226;84
7308;SARRAS;7;2228;84
59250;FOURNES-EN-WEPPES;59;2231;32
50267;LESSAY;50;2236;28
50031;BARNEVILLE-CARTERET;50;2239;28
73182;MOUXY;73;2241;84
45248;PATAY;45;2244;24
35130;HEDE-BAZOUGES;35;2247;53
5006;L'ARGENTIERE-LA-BESSEE;5;2255;93
50394;PERIERS;50;2256;28
6059;EZE;6;2256;93
30212;REMOULINS;30;2259;76
91648;VERT LE GRAND;91;2262;11
69208;SAINT GERMAIN NUELLES;69;2262;84
59071;BERSEE;59;2263;32
35135;IRODOUER;35;2263;53
1345;SAINT-DENIS-EN-BUGEY;1;2266;84
6006;ASPREMONT;6;2272;93
7201;RUOMS;7;2276;84
74299;VEYRIER-DU-LAC;74;2276;84
1192;IZERNORE;1;2277;84
12146;LE MONASTERE;12;2284;76
69086;FLEURIEUX-SUR-L ARBRESLE;69;2290;84
48009;PEYRE EN AUBRAC;48;2291;76
77385;REBAIS;77;2292;11
14229;DOZULE;14;2293;28
43213;SAINT-PAL-DE-MONS;43;2293;84
2680;SAINT GOBAIN;2;2294;32
78403;MEZY-SUR-SEINE;78;2296;11
70447;RIOZ;70;2297;27
91631;VARENNES-JARCY;91;2300;11
60325;JAUX;60;2300;32
31429;POMPERTUZAT;31;2307;76
88424;SAINTE-MARGUERITE;88;2308;44
77377;PRESLES-EN-BRIE;77;2312;11
5065;GUILLESTRE;5;2312;93
74185;MONNETIER-MORNEX;74;2318;84
54542;VALLEROY;54;2322;44
60402;LE MEUX;60;2327;32
66059;CORNEILLA DEL VERCOL;66;2327;76
88445;SAULCY-SUR-MEURTHE;88;2328;44
54459;RICHARDMENIL;54;2329;44
47175;MONFLANQUIN;47;2329;75
77259;LONGPERRIER;77;2331;11
38045;BIVIERS;38;2331;84
78591;SEPTEUIL;78;2349;11
39286;LAVANS-LES-SAINT-CLAUDE;39;2352;27
44144;RIAILLE;44;2358;52
88225;HADOL;88;2359;44
73227;COURCHEVEL;73;2360;84
30020;AUBORD;30;2363;76
30061;LA CALMETTE;30;2363;76
69171;SAIN-BEL;69;2363;84
54321;LONGLAVILLE;54;2365;44
50066;JULLOUVILLE;50;2367;28
69293;SATHONAY-VILLAGE;69;2369;84
6091;PEILLE;6;2370;93
95580;SAINT-WITZ;95;2379;11
35096;DOMAGNE;35;2383;53
84012;BEAUMES-DE-VENISE;84;2389;93
35195;MONTREUIL-SUR-ILLE;35;2390;53
33109;CASTRES GIRONDE;33;2391;75
44189;SAINTE-REINE-DE-BRETAGNE;44;2397;52
26191;MONTBOUCHER-SUR-JABRON;26;2400;84
35241;LA RICHARDAIS;35;2403;53
85127;LONGEVILLE-SUR-MER;85;2405;52
7240;SAINT-GEORGES-LES-BAINS;7;2405;84
7330;VALLON PONT D'ARC;7;2412;84
54493;SAULNES;54;2415;44
22362;TREGUIER;22;2416;53
83053;EVENOS;83;2416;93
95211;ENNERY;95;2418;11
33097;CARCANS;33;2418;75
30083;CODOGNAN;30;2418;76
45061;CEPOY;45;2419;24
74183;MIEUSSY;74;2421;84
8053;BAZEILLES;8;2423;44
83017;BELGENTIER;83;2423;93
91666;VILLEJUST;91;2425;11
33492;SAINT-YZAN-DE-SOUDIAC;33;2427;75
78238;FLINS-SUR-SEINE;78;2428;11
77344;OISSERY;77;2431;11
43051;LE CHAMBON SUR LIGNON;43;2431;84
54536;TUCQUEGNIEUX;54;2438;44
84083;MORNAS;84;2438;93
72299;SAINT MARS D OUTILLE;72;2439;52
80182;CAYEUX-SUR-MER;80;2445;32
69068;COUZON-AU-MONT-D OR;69;2454;84
35287;SAINT-LUNAIRE;35;2460;53
41276;VILLEBAROU;41;2463;24
29022;CAMARET-SUR-MER;29;2466;53
80721;SAINT-VALERY-SUR-SOMME;80;2469;32
56124;MALESTROIT;56;2470;53
74258;SAMOENS;74;2473;84
38181;GONCELIN;38;2476;84
24335;PORT-SAINTE-FOY-ET-PONCHAPT;24;2478;75
77061;CANNES-ECLUSE;77;2482;11
74249;SAINT-PAUL-EN-CHABLAIS;74;2487;84
76705;TOURVILLE-LA-RIVIERE;76;2493;28
22032;CAULNES;22;2495;53
34126;LAMALOU-LES-BAINS;34;2500;76
30166;MEYNES;30;2503;76
64304;LAHONCE;64;2506;75
7245;SAINT-JEAN-DE-MUZOLS;7;2508;84
38503;LA TERRASSE;38;2510;84
76752;YERVILLE;76;2514;28
25035;LES AUXONS;25;2515;27
22339;TADEN;22;2524;53
83132;SOLLIES-VILLE;83;2526;93
38100;LE CHEYLAS;38;2528;84
77217;GRISY-SUISNES;77;2532;11
70026;ARC-LES-GRAY;70;2533;27
56262;LE BONO;56;2533;53
34063;CAUX;34;2538;76
60524;RANTIGNY;60;2541;32
1350;SAINT-ETIENNE-DU-BOIS;1;2542;84
77096;CHARTRETTES;77;2543;11
14754;VILLERS-SUR-MER;14;2543;28
56152;LE PALAIS;56;2544;53
77226;HERICY;77;2545;11
38059;BRIE-ET-ANGONNES;38;2545;84
14536;RIVIERE-SAINT-SAUVEUR (LA);14;2547;28
39500;SALINS LES BAINS;39;2551;27
6057;L'ESCARENE;6;2554;93
25381;MISEREY SALINES;25;2555;27
50412;PORT-BAIL-SUR-MER;50;2556;28
33466;SAINT-QUENTIN-DE-BARON;33;2559;75
35265;SAINT-DOMINEUC;35;2562;53
5017;LA BATIE NEUVE;5;2562;93
4019;BARCELONNETTE;4;2564;93
35326;SENS-DE-BRETAGNE;35;2566;53
76026;ARQUES-LA-BATAILLE;76;2573;28
95014;ANDILLY;95;2574;11
60234;FITZ JAMES;60;2575;32
35347;VAL-D'IZE;35;2580;53
69241;TALUYERS;69;2590;84
84106;SAINTE-CECILE-LES-VIGNES;84;2591;93
28391;TOURY;28;2595;24
38383;SAINT-ETIENNE-DE-CROSSEY;38;2595;84
69076;DOMMARTIN;69;2595;84
28089;CHATEAUNEUF EN THYMERAIS;28;2596;24
54533;TRIEUX;54;2605;44
74016;ARCHAMPS;74;2609;84
54028;AUBOUE;54;2617;44
72223;NOYEN SUR SARTHE;72;2624;52
33402;SAINTE-FOY-LA-GRANDE;33;2627;75
54205;FOUG;54;2629;44
56063;GESTEL;56;2637;53
4094;GREOUX-LES-BAINS;4;2639;93
59034;AVELIN;59;2641;32
50391;GRANDPARIGNY;50;2643;28
42092;L ETRAT;42;2643;84
34024;BALARUC LE VIEUX;34;2648;76
31163;DREMIL LAFAGE;31;2649;76
56181;PORT-LOUIS;56;2654;53
80533;MERS-LES-BAINS;80;2655;32
38408;SAINT-JUST-CHALEYSSIN;38;2656;84
11441;VINASSAN;11;2658;76
77312;MONTIGNY-SUR-LOING;77;2660;11
91275;GOMETZ-LE-CHATEL;91;2664;11
85114;JARD-SUR-MER;85;2665;52
83124;SEILLANS;83;2669;93
38205;LANS-EN-VERCORS;38;2676;84
28191;HANCHES;28;2682;24
35284;SAINT-JOUAN-DES-GUERETS;35;2683;53
94056;PERIGNY;94;2688;11
28007;ANET;28;2697;24
95641;VEMARS;95;2699;11
44183;SAINT MOLF;44;2716;52
1288;PERON;1;2717;84
34329;VENDRES;34;2723;76
85001;AIGUILLON-SUR-MER (L );85;2726;52
69121;LOZANNE;69;2729;84
61483;BAGNOLES DE L'ORNE NORMANDIE;61;2732;28
26179;MERCUROL-VEAUNES;26;2732;84
34249;SAINT-DREZERY;34;2735;76
29188;PLOUGASNOU;29;2737;53
74007;AMANCY;74;2739;84
89338;ST CLEMENT;89;2740;27
25127;CHARQUEMONT;25;2741;27
54138;COSNES-ET-ROMAIN;54;2741;44
69007;AMPUIS;69;2749;84
62037;ANZIN-SAINT-AUBIN;62;2751;32
33533;TOULENNE;33;2752;75
40261;ST-GEOURS-MAREMNE;40;2752;75
2A362;ZONZA;2A;2759;94
56263;SAINTE-ANNE-D'AURAY;56;2770;53
69294;SEREZIN-DU-RHONE;69;2772;84
91136;CHAMPLAN;91;2778;11
91359;MAISSE;91;2780;11
83001;LES ADRETS DE L ESTEREL;83;2784;93
84069;MALAUCENE;84;2785;93
69049;CHASSELAY;69;2791;84
27051;BEAUMONT LE ROGER;27;2794;28
50003;AGON-COUTAINVILLE;50;2796;28
34307;SUSSARGUES;34;2802;76
87014;BESSINES-SUR-GARTEMPE;87;2803;75
77393;ROZAY-EN-BRIE;77;2808;11
85038;BROUZILS (LES);85;2816;52
91649;VERT LE PETIT;91;2818;11
29217;PONT-AVEN;29;2821;53
44010;BATZ-SUR-MER;44;2824;52
33514;SOULAC-SUR-MER;33;2825;75
60462;NOAILLES;60;2829;32
28116;COURVILLE SUR EURE;28;2831;24
95527;ROISSY-EN-FRANCE;95;2833;11
80010;AILLY-SUR-NOYE;80;2833;32
30037;BESSEGES;30;2835;76
33081;CADILLAC;33;2836;75
2304;LA FERE;2;2838;32
33554;YVRAC;33;2838;75
62291;ELEU-DIT-LEAUWETTE;62;2840;32
42011;BALBIGNY;42;2840;84
88181;FRAIZE;88;2841;44
69154;POLLIONNAY;69;2845;84
95369;MARGENCY;95;2846;11
60589;ST MAXIMIN;60;2847;32
30356;RODILHAN;30;2851;76
84127;SERIGNAN-DU-COMTAT;84;2853;93
9265;SAINT-JEAN-DU-FALGA;9;2859;76
83008;BAGNOLS-EN-FORET;83;2862;93
91135;CHAMPCUEIL;91;2867;11
77132;COUPVRAY;77;2871;11
33268;MARGAUX CANTENAC;33;2876;75
54234;GORCY;54;2877;44
83138;TOURRETTES;83;2877;93
84118;SAINT-SATURNIN LES APT;84;2877;93
8090;CARIGNAN;8;2879;44
69033;CAILLOUX-SUR-FONTAINES;69;2883;84
60665;VENETTE;60;2884;32
48080;LANGOGNE;48;2887;76
71106;CHAROLLES;71;2888;27
42056;CHAVANAY;42;2897;84
79130;FRONTENAY-ROHAN-ROHAN;79;2899;75
22020;BROONS;22;2902;53
85294;TRANCHE-SUR-MER (LA);85;2904;52
78683;VILLIERS-SAINT-FREDERIC;78;2906;11
59466;PONT-A-MARCQ;59;2911;32
65025;ARGELES-GAZOST;65;2911;76
51217;DORMANS;51;2918;44
6010;LE BAR-SUR-LOUP;6;2921;93
83127;SIGNES;83;2927;93
72241;MONTFORT-LE-GESNOIS;72;2931;52
34165;MONTBAZIN;34;2934;76
78420;MONTFORT-L AMAURY;78;2935;11
95426;MONTLIGNON;95;2937;11
95026;ASNIERES-SUR-OISE;95;2939;11
64371;MAULEON LICHARRE;64;2947;75
69003;ALBIGNY-SUR-SAONE;69;2947;84
77378;PRINGY;77;2954;11
38431;SAINT-NAZAIRE-LES-EYMES;38;2960;84
91099;BOUTIGNY-SUR-ESSONNE;91;2963;11
43025;BEAUZAC;43;2969;84
51058;BEZANNES;51;2978;44
7055;CHARMES-SUR-RHONE;7;2979;84
22172;PLANCOET;22;2981;53
6150;LA TURBIE;6;2981;93
78233;FEUCHEROLLES;78;2983;11
69296;SOLAIZE;69;2986;84
56161;PLOEMEL;56;2988;53
73300;TRESSERVE;73;2988;84
83012;BARJOLS;83;2990;93
2305;FERE EN TARDENOIS;2;3001;32
69207;SAINT-GERMAIN-AU-MONT-D OR;69;3001;84
1138;CULOZ;1;3004;84
44088;MAISDON-SUR-SEVRE;44;3007;52
74143;LES HOUCHES;74;3007;84
31186;FONBEAUZARD;31;3011;76
32147;GIMONT;32;3016;76
33389;SAINT-CIERS-SUR-GIRONDE;33;3021;75
78431;MORAINVILLIERS;78;3023;11
44116;PAIMBOEUF;44;3023;52
40243;RION-DES-LANDES;40;3023;75
77175;EVRY-GREGY-SUR-YERRE;77;3025;11
74173;MEGEVE;74;3025;84
34225;PUISSERGUIER;34;3037;76
38225;AUTRANS-MEAUDRE EN VERCORS;38;3039;84
55043;BELLEVILLE SUR MEUSE;55;3040;44
59660;WILLEMS;59;3048;32
44012;LA BERNERIE EN RETZ;44;3049;52
30255;SAINT-GENIES-DE-MALGOIRES;30;3052;76
69249;THURINS;69;3053;84
91579;SAINT-VRAIN;91;3059;11
5040;CHORGES;5;3061;93
45282;SAINT-HILAIRE-SAINT-MESMIN;45;3071;24
73157;MODANE;73;3075;84
39362;MONTMOROT;39;3082;27
54150;CUSTINES;54;3082;44
49355;TREMENTINES;49;3088;52
88319;MOYENMOUTIER;88;3089;44
84017;BEDOIN;84;3093;93
6126;SAINT-MARTIN-DU-VAR;6;3095;93
9194;MIREPOIX;9;3102;76
45179;LAILLY EN VAL;45;3103;24
34209;PORTIRAGNES;34;3104;76
60068;BETHISY ST PIERRE;60;3108;32
50165;DONVILLE-LES-BAINS;50;3109;28
88116;CORNIMONT;88;3111;44
47069;COLAYRAC ST CIRQ;47;3113;75
69136;MONTAGNY;69;3118;84
42019;BOEN-SUR-LIGNON;42;3120;84
22325;SAINT-QUAY-PORTRIEUX;22;3121;53
17230;MESCHERS-SUR-GIRONDE;17;3123;75
31205;GAGNAC SUR GARONNE;31;3130;76
60142;LA CHAPELLE EN SERVAL;60;3140;32
33478;ST-SEURIN-SUR-L ISLE;33;3141;75
91225;ETIOLLES;91;3144;11
37203;ROCHECORBON;37;3145;24
82096;LA VILLE DIEU DU TEMPLE;82;3148;76
54152;DAMELEVIERES;54;3155;44
30179;MONTFRIN;30;3163;76
2B134;L'ILE ROUSSE;2B;3163;94
7078;DAVEZIEUX;7;3168;84
38170;FONTANIL-CORNILLON;38;3172;84
4230;VALENSOLE;4;3173;93
76329;GRUCHET-LE-VALASSE;76;3175;28
74040;BONNE;74;3181;84
44013;BESNE;44;3183;52
69298;TOUSSIEU;69;3188;84
49343;LA TESSOUALLE;49;3189;52
29023;CARANTEC;29;3189;53
88114;CONTREXEVILLE;88;3190;44
2A041;BONIFACIO;2A;3192;94
44176;SAINT-MALO-DE-GUERSAC;44;3193;52
33108;CASTILLON-LA-BATAILLE;33;3194;75
88087;CHANTRAINE;88;3197;44
25204;DOUBS;25;3198;27
58134;IMPHY;58;3202;27
33165;FARGUES SAINT HILAIRE;33;3203;75
38384;SAINT-ETIENNE-DE-SAINT-GEOIRS;38;3206;84
4245;VOLX;4;3206;93
34244;SAINT-BRES;34;3209;76
5179;VEYNES;5;3216;93
16341;SAINT-MICHEL;16;3218;75
40317;TOSSE;40;3219;75
60513;PRECY SUR OISE;60;3220;32
77437;SAINT-SOUPPLETS;77;3224;11
45308;SEMOY;45;3224;24
89346;ST GEORGES SUR BAULCHE;89;3225;27
40313;TARTAS;40;3225;75
1224;LOYETTES;1;3225;84
50215;GOUVILLE-SUR-MER;50;3229;28
26218;MOURS-SAINT-EUSEBE;26;3229;84
69284;MONTANAY;69;3230;84
64100;BASSUSSARRY;64;3231;75
38061;LA BUISSE;38;3235;84
26114;DIEULEFIT;26;3239;84
95149;CHAUMONTEL;95;3241;11
72269;SAINT CALAIS;72;3244;52
44185;SAINT-NICOLAS-DE-REDON;44;3245;52
2A272;SARTENE;2A;3248;94
70207;ECHENOZ-LA-MELINE;70;3249;27
33473;SAINT-SAVIN;33;3250;75
6128;SAINT-PAUL-DE-VENCE;6;3252;93
11370;SALLES D AUDE;11;3254;76
64417;NAY;64;3265;75
10265;LES NOES PRES TROYES;10;3280;44
77005;ANNET-SUR-MARNE;77;3281;11
35204;NOUVOITOU;35;3281;53
60012;ANDEVILLE;60;3286;32
38052;LE BOURG-D'OISANS;38;3286;84
77450;SERVON;77;3288;11
2A271;SARROLA-CARCOPINO;2A;3289;94
39013;ARBOIS;39;3295;27
35033;BOURG-DES-COMPTES;35;3295;53
56040;CLEGUER;56;3298;53
30210;QUISSAC;30;3299;76
37151;LA MEMBROLLE-SUR-CHOISILLE;37;3300;24
78118;BUCHELAY;78;3306;11
76005;AMFREVILLE-LA-MIVOIE;76;3306;28
40283;ST-VINCENT-DE-PAUL;40;3307;75
22282;SAINT-CAST-LE-GUILDO;22;3308;53
84036;CHATEAUNEUF-DE-GADAGNE;84;3321;93
30010;ANDUZE;30;3327;76
91129;CERNY;91;3337;11
30004;AIGUES-VIVES;30;3338;76
77107;CHAUMES-EN-BRIE;77;3339;11
60143;CHAUMONT-EN-VEXIN;60;3340;32
83029;CALLIAN;83;3341;93
91111;BRIIS-SOUS-FORGES;91;3342;11
95256;FREPILLON;95;3342;11
60575;STE GENEVIEVE;60;3344;32
1014;ARBENT;1;3349;84
60482;ORRY LA VILLE;60;3351;32
84147;VILLELAURE;84;3356;93
44032;CHAPELLE-HEULIN (LA);44;3357;52
77121;COLLEGIEN;77;3359;11
33293;MONTUSSAN;33;3364;75
37115;DESCARTES;37;3366;24
34037;BOUJAN-SUR-LIBRON;34;3367;76
69268;VOURLES;69;3367;84
74019;ARGONAY;74;3370;84
74241;SAINT-JEOIRE;74;3370;84
38439;CRETS EN BELLEDONNE;38;3372;84
34333;VIC-LA-GARDIOLE;34;3373;76
88468;LE THILLOT;88;3376;44
78442;NEAUPHLE-LE-CHATEAU;78;3385;11
77419;SAINT-MAMMES;77;3391;11
38175;FROGES;38;3392;84
54254;HAUCOURT-MOULAINE;54;3394;44
74276;TANINGES;74;3394;84
31048;BAZIEGE;31;3395;76
26271;LA ROCHE DE GLUN;26;3395;84
33381;ST CAPRAIS DE BORDEAUX;33;3399;75
84030;CAROMB;84;3399;93
85190;ROCHESERVIERE;85;3400;52
62571;MERLIMONT;62;3401;32
2A130;GROSSETO-PRUGNA;2A;3402;94
64511;SAUVAGNON;64;3411;75
77155;DAMPMART;77;3417;11
51474;SAINT BRICE COURCELLES;51;3417;44
30036;BERNIS;30;3421;76
45258;PUISEAUX;45;3424;24
73030;BARBY;73;3429;84
42299;SAVIGNEUX;42;3430;84
4197;SAINTE-TULLE;4;3442;93
13101;SAINT SAVOURNIN;13;3443;93
95370;MARINES;95;3446;11
43177;SAINT-DIDIER-EN-VELAY;43;3451;84
1269;NANTUA;1;3454;84
59005;ALLENNES-LES-MARAIS;59;3456;32
49278;STE GEMMES SUR LOIRE;49;3456;52
38377;SAINT-CLAIR-DE-LA-TOUR;38;3456;84
40304;SOORTS-HOSSEGOR;40;3480;75
6046;COLOMARS;6;3482;93
29239;ROSCOFF;29;3489;53
43112;LANGEAC;43;3489;84
73257;LES BELLEVILLE;73;3494;84
69163;QUINCIEUX;69;3495;84
91115;BRUYERES-LE-CHATEL;91;3497;11
43089;ESPALY-SAINT-MARCEL;43;3497;84
60178;CREVECOEUR LE GRAND;60;3503;32
72260;RUAUDIN;72;3503;52
33234;LATRESNE;33;3523;75
83033;CARNOULES;83;3525;93
88408;RUPT-SUR-MOSELLE;88;3529;44
7331;VALS-LES-BAINS;7;3530;84
85262;SAINT-PHILBERT-DE-BOUAINE;85;3535;52
30276;SAINT-LAURENT-D AIGOUZE;30;3536;76
66003;AMELIE LES BAINS;66;3542;76
74104;DOUSSARD;74;3542;84
5070;LARAGNE-MONTEGLIN;5;3543;93
69127;MARCY-L ETOILE;69;3549;84
77335;CHAUCONIN-NEUFMONTIERS;77;3554;11
62744;SAINTE-CATHERINE;62;3562;32
95509;PUISEUX-EN-FRANCE;95;3563;11
38400;SAINT-JEAN-DE-MOIRANS;38;3564;84
14220;DEAUVILLE;14;3565;28
26250;PONT DE L ISERE;26;3573;84
31358;MONTASTRUC LA CONSEILLERE;31;3576;76
52353;NOGENT;52;3591;44
54549;VARANGEVILLE;54;3594;44
76599;SAINT-LEGER-DU-BOURG-DENIS;76;3599;28
22194;PLESTIN-LES-GREVES;22;3620;53
30123;GALLARGUES-LE-MONTUEUX;30;3632;76
95430;MONTSOULT;95;3633;11
22343;TREBEURDEN;22;3641;53
66002;ALENYA;66;3645;76
39470;LES ROUSSES;39;3648;27
40224;PEYREHORADE;40;3648;75
69116;LIMONEST;69;3648;84
64237;GELOS;64;3652;75
1031;BELLIGNAT;1;3652;84
6130;SAINT-VALLIER-DE-THIEY;6;3654;93
35040;BRETEIL;35;3655;53
91232;FERTE-ALAIS (LA);91;3659;11
25304;HERIMONCOURT;25;3662;27
49283;SAINT-GEORGES-SUR-LOIRE;49;3665;52
78310;HOUDAN;78;3671;11
78367;MAREIL-MARLY;78;3677;11
78402;MEZIERES-SUR-SEINE;78;3683;11
40036;BENESSE-MAREMNE;40;3683;75
71221;GIVRY;71;3684;27
47145;LAYRAC;47;3686;75
7346;VIVIERS;7;3689;84
28168;GALLARDON;28;3693;24
54270;HUSSIGNY GODBRANGE;54;3693;44
42052;CHARLIEU;42;3695;84
2A249;PROPRIANO;2A;3699;94
27230;EZY SUR EURE;27;3702;28
71120;CHAUFFAILLES;71;3703;27
60537;RIBECOURT DRESLINCOURT;60;3705;32
69238;SAINT SYMPHORIEN SUR COISE;69;3710;84
1450;VILLIEU-LOYES-MOLLON;1;3717;84
41151;MONTRICHARD VAL DE CHER;41;3719;24
58088;COULANGES LES NEVERS;58;3724;27
14699;TOUQUES;14;3731;28
78043;BAILLY;78;3733;11
42099;FRAISSES;42;3733;84
42168;PELUSSIN;42;3738;84
62604;NEUFCHATEL-HARDELOT;62;3745;32
6011;BEAULIEU SUR MER;6;3755;93
22209;BEAUSSAIS-SUR-MER;22;3757;53
11145;FLEURY D AUDE;11;3758;76
56013;BELZ;56;3760;53
83121;SALERNES;83;3761;93
73150;LA PLAGNE TARENTAISE;73;3766;84
77181;FERRIERES-EN-BRIE;77;3768;11
13031;LA DESTROUSSE;13;3768;93
30350;LE VIGAN;30;3772;76
82013;BEAUMONT DE LOMAGNE;82;3773;76
77389;ROCHETTE(LA);77;3778;11
83048;LA CROIX VALMER;83;3779;93
34240;SAINT-AUNES;34;3786;76
30263;ST HIPPOLYTE DU FORT;30;3804;76
6136;SOSPEL;6;3805;93
54451;REHON;54;3809;44
76276;FORGES-LES-EAUX;76;3812;28
60667;VERBERIE;60;3813;32
33203;HOURTIN;33;3813;75
85215;SAINT-FULGENT;85;3814;52
91085;BOISSY-SOUS-SAINT-YON;91;3828;11
2064;BELLEU;2;3832;32
60500;LE PLESSIS BELLEVILLE;60;3833;32
66212;TORREILLES;66;3839;76
78327;JUZIERS;78;3843;11
88415;ST-ETIENNE-LES-REMIREMONT;88;3847;44
83119;SAINT TROPEZ;83;3851;93
56054;ERDEVEN;56;3853;53
83035;LE CASTELLET;83;3873;93
77420;SAINT-MARD;77;3875;11
40296;SEIGNOSSE;40;3876;75
84065;LAURIS;84;3879;93
85018;BEAUVOIR-SUR-MER;85;3880;52
78314;ISSOU;78;3893;11
37031;BOURGUEIL;37;3894;24
42225;GENILAC;42;3894;84
69013;ARNAS;69;3897;84
74137;GROISY;74;3900;84
82161;ST-ETIENNE-DE-TULMONT;82;3901;76
6118;SAINT-CEZAIRE-SUR-SIAGNE;6;3903;93
88486;VAGNEY;88;3911;44
22206;CHATELAUDREN-PLOUAGAT;22;3916;53
35251;SAINT-AUBIN-D AUBIGNE;35;3916;53
59284;HASNON;59;3918;32
22054;ERQUY;22;3922;53
91249;FORGES-LES-BAINS;91;3923;11
62019;AIX NOULETTE;62;3923;32
77114;CHEVRY-COSSIGNY;77;3927;11
76655;SAINT-VALERY-EN-CAUX;76;3928;28
31396;NAILLOUX;31;3928;76
17168;FOURAS;17;3934;75
86100;FONTAINE-LE-COMTE;86;3934;75
74082;COLLONGES-SOUS-SALEVE;74;3948;84
39526;TAVAUX;39;3957;27
69064;CONDRIEU;69;3957;84
44025;CAMPBON;44;3959;52
34161;MONTADY;34;3960;76
26333;SAINT VALLIER;26;3960;84
83103;LE REVEST LES EAUX;83;3962;93
60450;NEUILLY EN THELLE;60;3970;32
50236;LA HAYE;50;3971;28
54076;BLAINVILLE-SUR-L EAU;54;3973;44
60172;COYE LA FORET;60;3976;32
28279;NOGENT-LE-ROI;28;3981;24
26037;BEAUMONT LES VALENCE;26;3984;84
77085;CHANTELOUP EN BRIE;77;3991;11
27299;GRAVIGNY;27;3994;28
88429;SAINT-NABORD;88;3994;44
60155;CIRES LES MELLO;60;3996;32
39434;POLIGNY;39;4003;27
31254;LABEGE;31;4008;76
94070;SANTENY;94;4014;11
44002;AIGREFEUILLE SUR MAINE;44;4014;52
44135;LE POULIGUEN;44;4015;52
28348;ST LUBIN DES JONCHERETS;28;4019;24
38006;ALLEVARD;38;4023;84
56118;LOCMIQUELIC;56;4039;53
44074;INDRE;44;4040;52
28359;ST REMY SUR AVRE;28;4041;24
17010;ANGOULINS;17;4050;75
34163;MONTARNAUD;34;4052;76
36046;LA CHATRE;36;4054;24
30128;GENERAC;30;4071;76
38126;CORENC;38;4075;84
28110;LE COUDRAY;28;4078;24
22186;PLENEUF-VAL-ANDRE;22;4083;53
31035;AUZEVILLE-TOLOSANE;31;4088;76
42285;SAINT-ROMAIN-LE-PUY;42;4090;84
34111;GANGES;34;4098;76
45300;SANDILLON;45;4114;24
69250;LA TOUR DE SALVAGNY;69;4117;84
44049;LE CROISIC;44;4118;52
69024;VAL D'OINGT;69;4122;84
33539;VAYRES;33;4123;75
2A032;BASTELICACCIA;2A;4124;94
58117;FOURCHAMBAULT;58;4125;27
31066;BESSIERES;31;4127;76
30206;POULX;30;4131;76
91494;LE PLESSIS PATE;91;4140;11
33099;CARIGNAN-DE-BORDEAUX;33;4141;75
88075;LA BRESSE;88;4143;44
76164;RIVES-EN-SEINE;76;4148;28
35179;MINIAC-MORVAN;35;4148;53
78206;ECQUEVILLY;78;4150;11
30060;CAISSARGUES;30;4150;76
50002;AGNEAUX;50;4153;28
54090;BOUXIERES-AUX-DAMES;54;4159;44
51507;SAINTE MENEHOULD;51;4165;44
82075;GRISOLLES;82;4177;76
77372;POMPONNE;77;4183;11
22081;HILLION;22;4183;53
43041;BRIVES-CHARENSAC;43;4185;84
22118;LANVALLAY;22;4195;53
60446;NANTEUIL LE HAUDOUIN;60;4201;32
34324;VALRAS-PLAGE;34;4206;76
30082;CLARENSAC;30;4209;76
95604;SURVILLIERS;95;4213;11
19274;USSAC;19;4215;75
90075;OFFEMONT;90;4219;27
43205;SAINT JUST MALMONT;43;4225;84
62826;LE TOUQUET PARIS PLAGE;62;4227;32
37172;NOTRE-DAME-D OE;37;4234;24
38548;VILLARD-DE-LANS;38;4234;84
56034;CARNAC;56;4236;53
82124;MONTBETON;82;4241;76
26301;SAINT-DONAT-SUR-L HERBASSE;26;4248;84
35125;LA GUERCHE-DE-BRETAGNE;35;4249;53
91534;SACLAY;91;4256;11
76647;SAINT-ROMAIN-DE-COLBOSC;76;4259;28
78255;FRENEUSE;78;4266;11
35076;CHAVAGNE;35;4268;53
26197;MONTELIER;26;4271;84
13046;GREASQUE;13;4271;93
83104;RIANS;83;4278;93
83031;LE CANNET DES MAURES;83;4279;93
91617;TIGERY;91;4294;11
77222;GUIGNES;77;4296;11
62128;BIACHE-SAINT-VAAST;62;4305;32
30075;CAVEIRAC;30;4308;76
69063;COLLONGES-AU-MONT- D OR;69;4315;84
50410;PONTORSON;50;4318;28
35123;GOVEN;35;4321;53
4242;VILLENEUVE;4;4323;93
35299;SAINT-MELOIR-DES-ONDES;35;4327;53
83067;GONFARON;83;4329;93
91457;LA NORVILLE;91;4331;11
84133;LA TOUR D AIGUES;84;4334;93
77100;CHATELET-EN-BRIE (LE);77;4339;11
91433;MORIGNY-CHAMPIGNY;91;4346;11
95116;BRUYERES-SUR-OISE;95;4347;11
64519;SERRES CASTET;64;4348;75
77238;JOUARRE;77;4349;11
38559;VINAY;38;4352;84
91016;ANGERVILLE;91;4353;11
78168;COIGNIERES;78;4355;11
33352;LA REOLE;33;4355;75
64405;MORLAAS;64;4356;75
83100;PUGET-VILLE;83;4357;93
91333;LEUVILLE-SUR-ORGE;91;4378;11
44126;LA PLAINE-SUR-MER;44;4379;52
89418;TONNERRE;89;4381;27
87161;ST-LEONARD-DE-NOBLAT;87;4385;75
54261;HERSERANGE;54;4409;44
69206;SAINT GEORGES DE RENEINS;69;4409;84
35363;PONT-PEAN;35;4413;53
78382;MAURECOURT;78;4414;11
35023;BEDEE;35;4417;53
33213;LA BREDE;33;4420;75
47004;AIGUILLON;47;4421;75
25434;ORNANS;25;4423;27
27562;ST MARCEL;27;4425;28
54174;ECROUVES;54;4428;44
40287;SANGUINET;40;4431;75
49347;TIERCE;49;4432;52
80164;CAMON;80;4436;32
35239;RETIERS;35;4438;53
33324;PINEUILH;33;4438;75
97226;SAINTE ANNE;972;4444;2
73006;AIME LA PLAGNE;73;4444;84
78224;ETANG-LA-VILLE (L );78;4453;11
74311;VIUZ-EN-SALLAZ;74;4454;84
97205;CASE PILOTE;972;4455;2
28227;MAINTENON;28;4457;24
1281;ORNEX;1;4483;84
60636;THOUROTTE;60;4484;32
80368;FRIVILLE-ESCARBOTIN;80;4491;32
13036;EYRAGUES;13;4496;93
17218;MARANS;17;4505;75
91458;NOZAY;91;4511;11
35032;BOURGBARRE;35;4515;53
47052;CASTELJALOUX;47;4518;75
10325;ROSIERES PRES TROYES;10;4521;44
6032;CAP-D AIL;6;4523;93
41047;LA CHAUSSEE SAINT VICTOR;41;4524;24
29031;CLOHARS CARNOET;29;4528;53
22222;PLOUHA;22;4541;53
85163;NOIRMOUTIER-EN-L'ILE;85;4550;52
83068;GRIMAUD;83;4562;93
64132;BIZANOS;64;4563;75
69046;CHARLY;69;4563;84
95612;LE THILLAY;95;4567;11
44187;SAINT-PERE-EN-RETZ;44;4576;52
69289;SAINT-PIERRE-DE-CHANDIEU;69;4579;84
76711;LE TREPORT;76;4582;28
69176;SOUCIEU EN JARREST;69;4590;84
35297;SAINT-MEEN-LE-GRAND;35;4599;53
91044;BALLAINVILLIERS;91;4600;11
91685;VILLIERS-SUR-ORGE;91;4600;11
14715;TROUVILLE-SUR-MER;14;4603;28
94053;NOISEAU;94;4607;11
11202;LEUCATE;11;4612;76
29254;SAINT-MARTIN-DES-CHAMPS;29;4621;53
14514;PONT-L EVEQUE;14;4627;28
35131;L'HERMITAGE;35;4629;53
91405;MILLY-LA-FORET;91;4635;11
40119;HAGETMAU;40;4651;75
56186;QUIBERON;56;4658;53
42097;LA FOUILLOUSE;42;4666;84
45173;JARGEAU;45;4676;24
59278;HALLENNES-LEZ-HAUBOURDIN;59;4676;32
81145;LISLE-SUR-TARN;81;4676;76
60584;ST LEU D ESSERENT;60;4678;32
35059;LA CHAPELLE DES FOUGERETZ;35;4682;53
48092;MARVEJOLS;48;4684;76
62764;SAINT-NICOLAS;62;4687;32
44070;HAIE-FOUASSIERE (LA);44;4691;52
86062;CHASSENEUIL-DU-POITOU;86;4692;75
95257;LA FRETTE-SUR-SEINE;95;4701;11
60670;VERNEUIL EN HALATTE;60;4707;32
77142;CRECY LA CHAPELLE;77;4713;11
16028;BARBEZIEUX SAINT HILAIRE;16;4714;75
42123;LORETTE;42;4716;84
60342;LAIGNEVILLE;60;4721;32
95352;LUZARCHES;95;4733;11
44211;LA TURBALLE;44;4734;52
42110;L HORME;42;4746;84
47106;FUMEL;47;4755;75
91461;OLLAINVILLE;91;4759;11
6075;LEVENS;6;4761;93
33483;ST SULPICE ET CAMEYRAC;33;4762;75
60088;BORNEL;60;4764;32
59566;SEQUEDIN;59;4775;32
94047;MANDRES-LES-ROSES;94;4777;11
1142;DAGNEUX;1;4777;84
94048;MAROLLES-EN-BRIE;94;4783;11
73031;BASSENS;73;4785;84
10033;BAR SUR AUBE;10;4787;44
78089;BONNIERES-SUR-SEINE;78;4791;11
33036;BAZAS;33;4801;75
33104;CASTELNAU-DE-MEDOC;33;4804;75
31582;VILLEFRANCHE-DE-LAURAGAIS;31;4806;76
82190;VERDUN-SUR-GARONNE;82;4808;76
1071;CESSY;1;4808;84
77055;BROU-SUR-CHANTEREINE;77;4809;11
42271;SAINT-PAUL-EN-JAREZ;42;4817;84
59462;PHALEMPIN;59;4820;32
66182;SAINTE-MARIE-LA-MER;66;4821;76
91064;BIEVRES;91;4823;11
89287;PARON;89;4828;27
9282;SAVERDUN;9;4828;76
88516;VITTEL;88;4832;44
33140;CREON;33;4832;75
33397;SAINTE EULALIE;33;4832;75
33058;BLAYE;33;4838;75
91179;COUDRAY-MONTCEAUX (LE);91;4844;11
1185;PLATEAU D'HAUTEVILLE;1;4844;84
7349;LA-VOULTE-SUR-RHONE;7;4848;84
59168;CYSOING;59;4849;32
13045;GRAVESON;13;4856;93
33424;SAINT LAURENT MEDOC;33;4860;75
69115;LIMAS;69;4871;84
40282;SAINT-SEVER;40;4890;75
60338;LACROIX ST OUEN;60;4891;32
33535;TRESSES;33;4895;75
64269;IDRON;64;4903;75
13087;ROUSSET;13;4918;93
69006;AMPLEPUIS;69;4919;84
78571;SAINT-NOM-LA-BRETECHE;78;4920;11
93015;COUBRON;93;4921;11
25527;SAINT VIT;25;4922;27
71137;CLUNY;71;4929;27
77182;FERTE-GAUCHER (LA);77;4933;11
38538;LE VERSOUD;38;4933;84
74288;VALLEIRY;74;4935;84
30125;GARONS;30;4940;76
62139;BLENDECQUES;62;4944;32
45224;NEUVILLE-AUX-BOIS;45;4947;24
88304;MIRECOURT;88;4949;44
71310;MONTCHANIN;71;4964;27
51662;WITRY-LES-REIMS;51;4971;44
35177;LA MEZIERE;35;4971;53
77513;VILLENOY;77;4975;11
1443;VILLARS-LES-DOMBES;1;4978;84
23176;LA SOUTERRAINE;23;4982;75
25047;BAUME LES DAMES;25;4989;27
33555;MARCHEPRIME;33;4992;75
27165;CONCHES EN OUCHE;27;4995;28
30132;LA GRAND COMBE;30;4998;76
69260;VERNAISON;69;4999;84
42256;SAINT-MARCELLIN-EN-FOREZ;42;5001;84
59329;LAMBRES LEZ DOUAI;59;5007;32
78638;VAUX-SUR-SEINE;78;5010;11
90009;BEAUCOURT;90;5010;27
77317;MORMANT;77;5014;11
34247;SAINT CLEMENT DE RIVIERE;34;5016;76
95134;CHAMPAGNE SUR-OISE;95;5018;11
73029;BARBERAZ;73;5022;84
86157;MIGNALOUX-BEAUVOIR;86;5026;75
42332;VILLEREST;42;5030;84
6159;VILLEFRANCHE-SUR-MER;6;5033;93
83140;TOURVES;83;5042;93
77475;TRILPORT;77;5045;11
30321;SOMMIERES;30;5050;76
27448;PACY-SUR-EURE;27;5056;28
62261;CUCQ;62;5059;32
85035;BRETIGNOLLES-SUR-MER;85;5066;52
33214;LACANAU;33;5070;75
54439;PULNOY;54;5077;44
74026;LA BALME DE SILLINGY;74;5078;84
62560;MARQUISE;62;5083;32
65417;SEMEAC;65;5085;76
11170;GRUISSAN;11;5087;76
4049;CHATEAU-ARNOUX-SAINT-AUBAN;4;5089;93
17414;SAINT-XANDRE;17;5091;75
88367;RAMBERVILLERS;88;5096;44
6054;DRAP;6;5117;93
4088;FORCALQUIER;4;5121;93
33256;LUDON MEDOC;33;5131;75
35208;ORGERES;35;5152;53
10297;PONTSAINTE MARIE;10;5154;44
72180;MAMERS;72;5157;52
89464;VILLENEUVE SUR YONNE;89;5165;27
31351;MONDONVILLE;31;5166;76
95392;MERIEL;95;5168;11
69044;CHARBONNIERES-LES-BAINS;69;5170;84
42103;LA GRAND-CROIX;42;5172;84
25321;VILLERS LE LAC;25;5188;27
95652;VIARMES;95;5194;11
44120;PELLERIN (LE);44;5200;52
45053;BRIARE;45;5213;24
45315;SULLY-SUR-LOIRE;45;5213;24
54322;LONGUYON;54;5218;44
77143;CREGY-LES-MEAUX;77;5223;11
72213;MULSANNE;72;5225;52
35049;CANCALE;35;5226;53
58095;DECIZE;58;5233;27
44067;GUEMENE PENFAO;44;5233;52
44182;SAINT-MICHEL-CHEF-CHEF;44;5233;52
60439;MOUY;60;5237;32
13030;CUGES LES PINS;13;5244;93
83106;ROCBARON;83;5250;93
85152;LES ACHARDS;85;5271;52
39368;HAUTS DE BIENNE;39;5275;27
14225;DIVES-SUR-MER;14;5276;28
66024;LE BOULOU;66;5278;76
72231;PARIGNE L EVEQUE;72;5286;52
78672;VILLENNES-SUR-SEINE;78;5292;11
44082;LIGNE;44;5302;52
83064;GAREOULT;83;5303;93
31182;FENOUILLET;31;5307;76
51030;AY-CHAMPAGNE;51;5309;44
84016;BEDARRIDES;84;5316;93
17333;SAINT-GEORGES-DE-DIDONNE;17;5342;75
42149;MONTROND-LES-BAINS;42;5342;84
77458;SOUPPES-SUR-LOING;77;5383;11
6108;LA ROQUETTE SUR SIAGNE;6;5385;93
56169;PLOUHINEC;56;5386;53
56003;ARRADON;56;5392;53
77431;SAINT-PIERRE-LES-NEMOURS;77;5394;11
44098;MISSILLAC;44;5398;52
54257;HEILLECOURT;54;5403;44
22225;PLOUMAGOAR;22;5409;53
74309;VIRY;74;5415;84
42059;CHAZELLES SUR LYON;42;5423;84
77382;QUINCY-VOISINS;77;5439;11
69288;SAINT-LAURENT-DE-MURE;69;5458;84
84056;JONQUIERES;84;5469;93
51506;SAINT-MEMMIE;51;5474;44
38249;MONTBONNOT-SAINT-MARTIN;38;5477;84
78502;PORT-MARLY (LE);78;5481;11
91330;LARDY;91;5483;11
91659;VILLABE;91;5487;11
71543;TOURNUS;71;5489;27
18015;AUBIGNY-SUR-NERE;18;5502;24
11397;TREBES;11;5502;76
69278;GENAY;69;5509;84
97206;DIAMANT;972;5511;2
38422;SAINT-MARTIN-D'URIAGE;38;5512;84
69297;TERNAY;69;5512;84
40209;ONDRES;40;5520;75
71073;CHAGNY;71;5528;27
11379;SIGEAN;11;5533;76
30221;ROQUEMAURE;30;5545;76
62099;BEAURAINS;62;5552;32
83027;LA CADIERE D AZUR;83;5574;93
78133;CHAMBOURCY;78;5587;11
95480;PARMAIN;95;5589;11
51250;FISMES;51;5589;44
13073;PEYPIN;13;5598;93
74236;SAINT GERVAIS LES BAINS;74;5604;84
33029;LE BARP;33;5605;75
78160;CHEVREUSE;78;5610;11
91376;MAROLLES-EN-HUREPOIX;91;5610;11
16166;L'ISLE D'ESPAGNAC;16;5626;75
47031;BOE;47;5631;75
28140;EPERNON;28;5634;24
17142;DOMPIERRE-SUR-MER;17;5638;75
74169;MARNAZ;74;5642;84
49377;RIVES-DU-LOIR-EN-ANJOU;49;5651;52
94065;RUNGIS;94;5657;11
49223;MURS-ERIGNE;49;5660;52
28209;LEVES;28;5686;24
80685;ROYE;80;5693;32
6114;SAINT-ANDRE DE LA ROCHE;6;5695;93
77192;FONTENAY-TRESIGNY;77;5710;11
30006;AIMARGUES;30;5717;76
34332;VIAS;34;5717;76
30169;MILHAUD;30;5721;76
25539;SELONCOURT;25;5726;27
83055;FAYENCE;83;5735;93
35095;DOL DE BRETAGNE;35;5738;53
34028;BEDARIEUX;34;5743;76
69191;SAINT CYR AU MONT D OR;69;5747;84
25578;VALDAHON;25;5748;27
69040;CHAMPAGNE-AU-MONT-D OR;69;5748;84
83131;SOLLIES-TOUCAS;83;5753;93
80489;LONGUEAU;80;5765;32
66017;LE BARCARES;66;5771;76
78321;JOUARS-PONTCHARTRAIN;78;5772;11
40273;ST-MARTIN-DE-SEIGNANX;40;5776;75
84004;AUBIGNAN;84;5778;93
13033;ENSUES-LA-REDONNE;13;5783;93
69291;SAINT-SYMPHORIEN-D'OZON;69;5789;84
11266;PORT-LA-NOUVELLE;11;5795;76
91577;SAINTRY-SUR-SEINE;91;5797;11
33240;LESPARRE-MEDOC;33;5808;75
78537;SAINT-ARNOULT-EN-YVELINES;78;5818;11
56193;RIANTEC;56;5821;53
11106;COURSAN;11;5825;76
42222;SAINT-GALMIER;42;5826;84
34192;PALAVAS-LES-FLOTS;34;5844;76
95355;MAGNY-EN-VEXIN;95;5846;11
50484;SAINT-HILAIRE-DU-HARCOUET;50;5850;28
94001;ABLON-SUR-SEINE;94;5852;11
4143;ORAISON;4;5867;93
38423;SAINT-MARTIN-LE-VINOUX;38;5880;84
78380;MAULE;78;5881;11
80253;DOULLENS;80;5890;32
30062;CALVISSON;30;5898;76
17094;CHATELAILLON-PLAGE;17;5900;75
95388;MENUCOURT;95;5902;11
56176;PLUNERET;56;5905;53
34217;PRADES-LE-LEZ;34;5908;76
84137;VAISON-LA-ROMAINE;84;5908;93
77037;BOIS LE ROI;77;5913;11
26116;DONZERE;26;5921;84
49194;MAZE-MILON;49;5925;52
10268;NOGENT SUR SEINE;10;5966;44
38316;PONT-DE-CHERUY;38;5980;84
83070;LE LAVANDOU;83;5985;93
43224;SAINTE-SIGOLENE;43;5989;84
34213;POUSSAN;34;5993;76
13085;ROQUEFORT LA BEDOULE;13;6015;93
69248;THIZY LES BOURGS;69;6020;84
1419;THOIRY;1;6021;84
84039;COURTHEZON;84;6026;93
78117;BUC;78;6027;11
9160;LAVELANET;9;6031;76
31584;VILLEMUR SUR TARN;31;6034;76
72071;MONTVAL-SUR-LOIR;72;6038;52
76312;GOURNAY-EN-BRAY;76;6041;28
85151;MORTAGNE-SUR-SEVRE;85;6059;52
71040;BLANZY;71;6060;27
33090;CANEJAN;33;6061;75
69094;GREZIEU-LA-VARENNE;69;6062;84
83091;PIERREFEU-DU-VAR;83;6068;93
45298;SAINT-PRYVE-SAINT-MESMIN;45;6076;24
35184;MONTAUBAN-DE-BRETAGNE;35;6086;53
59456;PECQUENCOURT;59;6088;32
28015;AUNEAU-BLEURY-SAINT-SYMPHORIEN;28;6090;24
83153;SAINT-MANDRIER-SUR-MER;83;6095;93
26347;TAIN L HERMITAGE;26;6106;84
42275;SAINT-PRIEST-EN-JAREZ;42;6106;84
77430;SAINT-PATHUS;77;6110;11
35353;VEZIN-LE-COQUET;35;6114;53
16154;GOND PONTOUVRE;16;6119;75
64410;MOURENX;64;6122;75
42223;SAINT GENEST LERPT;42;6123;84
84122;SARRIANS;84;6128;93
43012;AUREC-SUR-LOIRE;43;6142;84
69141;MORNANT;69;6144;84
44217;VIGNEUX DE BRETAGNE;44;6175;52
78354;MAGNANVILLE;78;6177;11
40001;AIRE-SUR-L'ADOUR;40;6189;75
34239;SAINT-ANDRE-DE-SANGONIS;34;6198;76
37132;LOCHES;37;6199;24
88372;RAON L ETAPE;88;6205;44
53054;CHANGE;53;6209;52
64189;CIBOURE;64;6211;75
77330;NANTEUIL-LES-MEAUX;77;6225;11
56010;BAUD;56;6234;53
77326;NANDY;77;6235;11
63103;CHATELGUYON;63;6239;84
24547;TERRASSON LAVILLEDIEU;24;6266;75
54263;HOMECOURT;54;6267;44
13016;LA BOUILLADISSE;13;6270;93
31202;FRONTON;31;6271;76
30047;BOUILLARGUES;30;6272;76
78396;MESNIL-LE-ROI (LE);78;6285;11
44101;LA MONTAGNE;44;6290;52
59603;TRITH-ST-LEGER;59;6292;32
80212;CORBIE;80;6292;32
34058;CASTRIES;34;6294;76
77111;CHESSY;77;6304;11
73010;ENTRELACS;73;6315;84
91207;EGLY;91;6322;11
74278;THYEZ;74;6330;84
30141;LAUDUN-L ARDOISE;30;6331;76
59586;TEMPLEUVE EN PEVELE;59;6332;32
5046;EMBRUN;5;6335;93
62893;WIMEREUX;62;6343;32
1194;JASSANS-RIOTTIER;1;6346;84
77079;CHAMPAGNE SUR SEINE;77;6353;11
77438;SAINT THIBAULT DES VIGNES;77;6354;11
74164;MARIGNIER;74;6372;84
91347;LONGPONT-SUR-ORGE;91;6375;11
33011;ARES;33;6381;75
78644;VERRIERE (LA);78;6386;11
77171;ESBLY;77;6404;11
35037;BREAL-SOUS-MONTFORT;35;6404;53
34151;MARSILLARGUES;34;6407;76
69010;L ARBRESLE;69;6410;84
91587;SAULX-LES-CHARTREUX;91;6416;11
34327;VENDARGUES;34;6423;76
71263;LOUHANS;71;6433;27
60684;VILLERS ST PAUL;60;6434;32
44066;GRANDCHAMP-DES-FONTAINES;44;6439;52
18207;SAINT-FLORENT-SUR-CHER;18;6442;24
51172;CORMONTREUIL;51;6458;44
89025;AVALLON;89;6462;27
33080;CADAUJAC;33;6464;75
44130;PONT-SAINT-MARTIN;44;6470;52
8190;GIVET;8;6476;44
69028;BRINDAS;69;6478;84
76103;BONSECOURS;76;6479;28
34114;GIGNAC;34;6480;76
69112;LENTILLY;69;6480;84
91338;LIMOURS;91;6492;11
32107;CONDOM;32;6493;76
69292;SATHONAY-CAMP;69;6497;84
13119;CARNOUX-EN-PROVENCE;13;6498;93
34113;GIGEAN;34;6507;76
13070;LA PENNE SUR HUVEAUNE;13;6519;93
91315;ITTEVILLE;91;6522;11
69142;LA MULATIERE;69;6524;84
45203;MEUNG-SUR-LOIRE;45;6540;24
56090;INZINZAC-LOCHRIST;56;6548;53
83081;MONTAUROUX;83;6548;93
54300;LANEUVEVILLE-DEVANT-NANCY;54;6553;44
18141;MEHUN-SUR-YEVRE;18;6555;24
17291;PUILBOREAU;17;6556;75
78217;EPONE;78;6561;11
54280;JOEUF;54;6570;44
95091;BOUFFEMONT;95;6578;11
54215;FROUARD;54;6584;44
82125;MONTECH;82;6589;76
78486;PERRAY-EN-YVELINES (LE);78;6597;11
74280;THONES;74;6598;84
38516;LA TRONCHE;38;6602;84
43040;BRIOUDE;43;6609;84
71475;SAINT-REMY;71;6615;27
42237;SAINT-JEAN-BONNEFONDS;42;6615;84
26166;LORIOL SUR DROME;26;6616;84
70311;LUXEUIL-LES-BAINS;70;6623;27
56164;PLOEREN;56;6635;53
13042;GEMENOS;13;6635;93
88321;NEUFCHATEAU;88;6636;44
56023;BRECH;56;6660;53
78466;ORGEVAL;78;6664;11
78220;ESSARTS-LE-ROI (LES);78;6668;11
38337;RIVES;38;6668;84
54115;CHAMPIGNEULLES;54;6671;44
38150;DOMENE;38;6677;84
40217;PARENTIS EN BORN;40;6684;75
28220;LUISANT;28;6689;24
81257;SAINT JUERY;81;6694;76
77139;COURTRY;77;6698;11
95183;COURDIMANCHE;95;6709;11
76255;EU;76;6716;28
87187;ST YRIEIX LA PERCHE;87;6718;75
77349;OTHIS;77;6725;11
35188;MONTFORT-SUR-MEU;35;6726;53
91226;ETRECHY;91;6729;11
14333;HONFLEUR;14;6733;28
44151;SAINT-ANDRE-DES-EAUX;44;6744;52
26325;SAINT-RAMBERT-D ALBON;26;6758;84
10343;SAINT JULIEN LES VILLAS;10;6765;44
26220;NYONS;26;6772;84
49035;BOUCHEMAINE;49;6774;52
78397;MESNIL-SAINT-DENIS (LE);78;6777;11
56094;KERVIGNAC;56;6786;53
17347;ST JEAN D'ANGELY;17;6796;75
34120;JACOU;34;6808;76
82037;CAUSSADE;82;6808;76
95039;AUVERS-SUR-OISE;95;6813;11
26064;CHABEUIL;26;6814;84
50615;VALOGNES;50;6822;28
35001;ACIGNE;35;6834;53
47195;NERAC;47;6837;75
91339;LINAS;91;6842;11
93033;GOURNAY SUR MARNE;93;6844;11
13035;EYGUIERES;13;6844;93
25411;MORTEAU;25;6853;27
27275;GAILLON;27;6860;28
69287;SAINT-BONNET-DE-MURE;69;6875;84
62528;LOOS EN GOHELLE;62;6879;32
42071;LE COTEAU;42;6880;84
1262;MONTLUEL;1;6886;84
40133;LABENNE;40;6887;75
13022;CASSIS;13;6905;93
64547;USTARITZ;64;6918;75
59482;QUESNOY SUR DEULE;59;6931;32
22055;BINIC-ETABLES-SUR-MER;22;6934;53
35173;MELESSE;35;6958;53
62270;DIVION;62;6963;32
31169;ESCALQUENS;31;6967;76
31056;BEAUZELLE;31;6973;76
42305;LA TALAUDIERE;42;6977;84
76474;NOTRE-DAME-DE-BONDEVILLE;76;6978;28
44186;SAINTE PAZANNE;44;6980;52
35228;PLEURTUIT;35;6982;53
34023;BALARUC LES BAINS;34;6991;76
35206;NOYAL-CHATILLON-SUR-SEICHE;35;7003;53
24557;TRELISSAC;24;7006;75
69194;SAINT-DIDIER-AU-MONT-D OR;69;7006;84
60360;LIANCOURT;60;7010;32
6065;LA GAUDE;6;7010;93
95574;SAINT-PRIX;95;7036;11
91667;VILLEMOISSON-S-ORGE;91;7058;11
86070;CHAUVIGNY;86;7062;75
38397;SAINT-ISMIER;38;7064;84
69088;FONTAINES SUR SAONE;69;7066;84
83004;LES ARCS;83;7066;93
51055;BETHENY;51;7069;44
22070;GUINGAMP;22;7069;53
79081;CHAURAY;79;7083;75
65059;BAGNERES-DE-BIGORRE;65;7085;76
22168;PERROS-GUIREC;22;7089;53
74250;SAINT-PIERRE-EN-FAUCIGNY;74;7091;84
17200;LAGORD;17;7098;75
64284;JURANCON;64;7102;75
95205;ECOUEN;95;7125;11
91689;WISSOUS;91;7133;11
38179;GIERES;38;7134;84
77249;LESIGNY;77;7151;11
1202;LAGNIEU;1;7161;84
22162;PAIMPOL;22;7179;53
44103;MONTOIR-DE-BRETAGNE;44;7180;52
17421;SAUJON;17;7180;75
93074;VAUJOURS;93;7181;11
7042;BOURG-SAINT-ANDEOL;7;7187;84
66213;TOULOUGES;66;7192;76
73054;BOURG-SAINT-MAURICE;73;7195;84
31032;AUSSONNE;31;7209;76
91600;SOISY-SUR-SEINE;91;7213;11
44201;SUCE-SUR-ERDRE;44;7221;52
78350;LOUVECIENNES;78;7236;11
97231;TROIS ILETS;972;7242;2
79270;ST MAIXENT L ECOLE;79;7242;75
38562;VIZILLE;38;7246;84
38547;VILLARD-BONNOT;38;7249;84
40184;MIMIZAN;40;7255;75
43268;YSSINGEAUX;43;7278;84
33229;LANTON;33;7285;75
38537;LA VERPILLIERE;38;7293;84
16291;RUELLE-SUR-TOUVRE;16;7305;75
35012;BAIN-DE-BRETAGNE;35;7314;53
76552;STE ADRESSE;76;7317;28
91340;LISSES;91;7333;11
35068;CHATEAUBOURG;35;7336;53
35196;MORDELLES;35;7338;53
45028;BEAUGENCY;45;7339;24
38314;PONTCHARRA;38;7348;84
30034;BELLEGARDE;30;7353;76
33227;LANGON;33;7357;75
29042;CROZON;29;7386;53
24138;COULOUNIEIX-CHAMIERS;24;7387;75
44169;SAINT-JULIEN-DE-CONCELLES;44;7392;52
45146;LA FERTE SAINT-AUBIN;45;7404;24
33498;SALLES;33;7411;75
77018;BAILLY-ROMAINVILLIERS;77;7416;11
54483;SAINT-NICOLAS-DE-PORT;54;7417;44
44043;CLISSON;44;7435;52
6048;CONTES;6;7437;93
8362;RETHEL;8;7467;44
33032;BASSENS;33;7472;75
34142;LODEVE;34;7477;76
44213;LOIREAUXENCE;44;7480;52
91553;SAINT-GERMAIN-LES-CORBEIL;91;7488;11
33376;SAINT AUBIN DE MEDOC;33;7495;75
69092;GLEIZE;69;7496;84
64256;HASPARREN;64;7498;75
38239;MOIRANS;38;7499;84
34299;SERIGNAN;34;7504;76
44158;SAINT-ETIENNE-DE-MONTLUC;44;7515;52
49323;VERRIERES-EN-ANJOU;49;7520;52
69009;ANSE;69;7538;84
69143;NEUVILLE SUR SAONE;69;7562;84
80620;PERONNE;80;7577;32
7281;SAINT-PERAY;7;7580;84
44087;MACHECOUL-SAINT-MEME;44;7581;52
83036;CAVALAIRE-SUR-MER;83;7586;93
45274;SAINT-DENIS-EN-VAL;45;7589;24
91045;BALLANCOURT-SUR-ESSONNE;91;7593;11
4209;SISTERON;4;7595;93
74123;FAVERGES-SEYTHENEX;74;7609;84
27679;VERNEUIL D'AVRE ET D'ITON;27;7614;28
78062;BEYNES;78;7618;11
33273;MARTIGNAS SUR JALLE;33;7624;75
30217;ROCHEFORT-DU-GARD;30;7629;76
49214;MONTREUIL-JUIGNE;49;7632;52
78455;NOISY LE ROI;78;7635;11
42127;MABLY;42;7653;84
34022;BAILLARGUES;34;7654;76
77169;EMERAINVILLE;77;7659;11
52269;LANGRES;52;7668;44
56177;PLUVIGNER;56;7676;53
91425;MONTLHERY;91;7681;11
88383;REMIREMONT;88;7691;44
40284;ST-VINCENT-DE-TYROSSE;40;7734;75
34150;MARSEILLAN;34;7734;76
71176;DIGOIN;71;7741;27
38416;SAINT-MARCELLIN;38;7766;84
59653;WAVRIN;59;7771;32
22106;LANGUEUX;22;7801;53
78575;SAINT-REMY-LES-CHEVREUSE;78;7806;11
88196;GERARDMER;88;7807;44
91479;PARAY-VIEILLE-POSTE;91;7814;11
38517;TULLINS;38;7816;84
85288;TALMONT-SAINT-HILAIRE;85;7831;52
87075;ISLE;87;7847;75
66049;CERET;66;7857;76
85222;SAINT-GILLES-CROIX-DE-VIE;85;7862;52
42183;LA RICAMARIE;42;7872;84
42302;SORBIERS;42;7874;84
95060;BESSANCOURT;95;7878;11
76429;MESNIL-ESNARD (LE);76;7886;28
78267;GARGENVILLE;78;7893;11
6044;LA COLLE SUR LOUP;6;7898;93
1244;MEXIMIEUX;1;7923;84
38111;CLAIX;38;7924;84
42330;VILLARS;42;7942;84
35152;LIFFRE;35;7949;53
62004;ACHICOURT;62;7957;32
91097;BOUSSY-SAINT-ANTOINE;91;7983;11
44210;TRIGNAC;44;7983;52
19123;MALEMORT;19;7984;75
6090;PEGOMAS;6;7996;93
34199;PEZENAS;34;8002;76
44018;BOUAYE;44;8008;52
91665;VILLE-DU-BOIS (LA);91;8010;11
39097;CHAMPAGNOLE;39;8014;27
70310;LURE;70;8046;27
78322;JOUY EN JOSAS;78;8049;11
83099;PUGET-SUR-ARGENS;83;8062;93
56101;LANGUIDIC;56;8064;53
54099;VAL DE BRIEY;54;8069;44
27016;LES ANDELYS;27;8070;28
45191;LE MALESHERBOIS;45;8073;24
41295;VINEUIL;41;8091;24
17449;TONNAY CHARENTE;17;8097;75
37018;BALLAN MIRE;37;8102;24
91363;MARCOUSSIS;91;8138;11
44052;DONGES;44;8152;52
35066;CHARTRES-DE-BRETAGNE;35;8157;53
83019;BORMES-LES-MIMOSAS;83;8162;93
29260;SAINT RENAN;29;8163;53
35352;VERN-SUR-SEICHE;35;8169;53
54339;MALZEVILLE;54;8191;44
6095;PEYMEINADE;6;8192;93
74112;EPAGNY METZ-TESSY;74;8196;84
45082;CHATEAUNEUF S LOIRE;45;8212;24
54273;JARNY;54;8219;44
74213;POISY;74;8233;84
40310;SOUSTONS;40;8235;75
33096;CARBON BLANC;33;8254;75
76095;BIHOREL;76;8264;28
59352;LINSELLES;59;8275;32
76640;SAINT PIERRE LES ELBEUF;76;8283;28
93039;L'ILE-SAINT-DENIS;93;8288;11
38140;CROLLES;38;8293;84
42094;FEURS;42;8302;84
56107;LARMOR-PLAGE;56;8319;53
76341;HARFLEUR;76;8349;28
33236;LEGE-CAP-FERRET;33;8352;75
30334;UZES;30;8387;76
85051;CHANTONNAY;85;8394;52
44084;LOROUX-BOTTEREAU (LE);44;8397;52
83009;BANDOL;83;8403;93
50147;COUTANCES;50;8408;28
42316;UNIEUX;42;8418;84
30133;LE GRAU DU ROI;30;8419;76
22360;TREGUEUX;22;8459;53
7186;PRIVAS;7;8465;84
35136;JANZE;35;8470;53
31526;LA SALVETAT ST GILLES;31;8474;76
77215;GRETZ-ARMAINVILLIERS;77;8476;11
30011;LES ANGLES;30;8476;76
44194;SAUTRON;44;8478;52
33527;LE TEICH;33;8500;75
95288;GROSLAY;95;8509;11
95491;PLESSIS-BOUCHARD (LE);95;8514;11
77470;TOURNAN-EN-BRIE;77;8521;11
73213;LA RAVOIRE;73;8530;84
59457;PERENCHIES;59;8542;32
30003;AIGUES-MORTES;30;8560;76
91105;BREUILLET;91;8566;11
35334;THORIGNE-FOUILLARD;35;8575;53
71486;SAINT VALLIER;71;8576;27
84043;ENTRAIGUES-SUR-LA-SORGUE;84;8595;93
33138;COUTRAS;33;8602;75
97232;VAUCLIN;972;8619;2
88465;CAPAVENIR VOSGES;88;8634;44
74056;CHAMONIX MONT BLANC;74;8640;84
45089;CHECY;45;8652;24
33013;ARTIGUES-PRES-BORDEAUX;33;8656;75
30156;MARGUERITTES;30;8656;76
35126;GUICHEN;35;8674;53
60382;MARGNY LES COMPIEGNE;60;8676;32
33019;AUDENGE;33;8680;75
26108;CREST;26;8680;84
92076;VAUCRESSON;92;8683;11
17274;PERIGNY;17;8684;75
95051;BEAUCHAMP;95;8687;11
76497;PETIT-COURONNE (LE);76;8693;28
85234;SAINT-JEAN-DE-MONTS;85;8696;52
34344;LA GRANDE MOTTE;34;8696;76
1313;PREVESSIN-MOENS;1;8711;84
13086;ROQUEVAIRE;13;8713;93
62473;ISBERGUES;62;8717;32
26324;SAINT-PAUL-TROIS-CHATEAUX;26;8736;84
69100;IRIGNY;69;8750;84
97217;MARIN;972;8751;2
69072;DARDILLY;69;8752;84
62895;WINGLES;62;8756;32
44198;SORINIERES (LES);44;8765;52
60346;LAMORLAYE;60;8784;32
84081;MORIERES LES AVIGNON;84;8786;93
78092;BOUGIVAL;78;8790;11
76384;LILLEBONNE;76;8797;28
88209;GOLBEY;88;8798;44
34116;GRABELS;34;8798;76
24520;SARLAT-LA-CANEDA;24;8816;75
54184;ESSEY LES NANCY;54;8833;44
31232;GRENADE SUR GARONNE;31;8844;76
69043;CHAPONOST;69;8846;84
54526;TOMBLAINE;54;8856;44
72132;LA FERTE BERNARD;72;8862;52
77327;NANGIS;77;8867;11
66164;RIVESALTES;66;8888;76
35240;LE RHEU;35;8932;53
74264;SCIONZIER;74;8932;84
84132;LE THOR;84;8940;93
31022;AUCAMVILLE;31;8968;76
42323;VEAUCHE;42;8973;84
60282;GOUVIEUX;60;8978;32
33422;SAINT JEAN D ILLAC;33;8980;75
39478;SAINT-CLAUDE;39;8985;27
54382;MONT SAINT MARTIN;54;8994;44
74298;VETRAZ-MONTHOUX;74;9003;84
78401;MEULAN-EN-YVELINES;78;9005;11
59343;LESQUIN;59;9012;32
34198;PEROLS;34;9016;76
45252;PITHIVIERS;45;9023;24
34079;CLERMONT L HERAULT;34;9029;76
40065;CAPBRETON;40;9037;75
31282;LAUNAGUET;31;9050;76
74305;VILLE-LA-GRAND;74;9050;84
83072;LORGUES;83;9054;93
44195;SAVENAY;44;9064;52
45286;SAINT-JEAN-LE-BLANC;45;9070;24
32160;L ISLE JOURDAIN;32;9072;76
44188;ST-PHILBERT-DE-GRAND-LIEU;44;9076;52
44110;NORT SUR ERDRE;44;9082;52
77268;MAGNY-LE-HONGRE;77;9107;11
74119;EVIAN-LES-BAINS;74;9108;84
76305;GONFREVILLE L ORCHER;76;9124;28
47310;TONNEINS;47;9130;75
44009;BASSE-GOULAINE;44;9136;52
33312;PAREMPUYRE;33;9136;75
29105;LANDIVISIAU;29;9151;53
85084;ESSARTS EN BOCAGE;85;9174;52
1034;BELLEY;1;9182;84
58303;VARENNES-VAUZELLES;58;9201;27
26165;LIVRON SUR DROME;26;9202;84
49267;SAINT-BARTHELEMY-D ANJOU;49;9210;52
71342;PARAY LE MONIAL;71;9214;27
62126;BEUVRY;62;9219;32
17028;AYTRE;17;9247;75
66065;ELNE;66;9248;76
38565;VOREPPE;38;9275;84
35236;REDON;35;9287;53
83086;LE MUY;83;9288;93
31203;FROUZINS;31;9292;76
34090;LE CRES;34;9310;76
81271;SAINT-SULPICE-LA-POINTE;81;9336;76
54274;JARVILLE LA MALGRANGE;54;9354;44
19275;USSEL;19;9358;75
91191;CROSNE;91;9369;11
47201;LE PASSAGE;47;9400;75
91122;BURES SUR YVETTE;91;9408;11
78356;MAGNY-LES-HAMEAUX;78;9418;11
95488;PIERRELAYE;95;9423;11
91514;QUINCY-SOUS-SENART;91;9426;11
45169;INGRE;45;9482;24
97227;SAINTE LUCE;972;9487;2
18197;SAINT-AMAND-MONTROND;18;9488;24
28280;NOGENT LE ROTROU;28;9491;24
9122;FOIX;9;9493;76
77449;SERRIS;77;9494;11
95052;BEAUMONT-SUR-OISE;95;9504;11
87050;COUZEIX;87;9518;75
83034;CARQUEIRANNE;83;9518;93
85128;LUCON;85;9554;52
62040;ARQUES;62;9584;32
22136;LOUDEAC;22;9605;53
83054;LA FARLEDE;83;9614;93
44209;TREILLIERES;44;9617;52
77183;LA FERTE SOUS JOUARRE;77;9637;11
31451;REVEL;31;9637;76
95229;EZANVILLE;95;9656;11
64335;LESCAR;64;9665;75
6018;BIOT;6;9668;93
97212;GROS MORNE;972;9689;2
40281;SAINT-PIERRE-DU-MONT;40;9689;75
62014;AIRE-SUR-LA-LYS;62;9691;32
69096;GRIGNY;69;9706;84
16374;SOYAUX;16;9761;75
13100;SAINT-REMY-DE-PROVENCE;13;9769;93
80016;ALBERT;80;9779;32
76212;DARNETAL;76;9788;28
95250;FOSSES;95;9791;11
56165;PLOERMEL;56;9791;53
59090;BONDUES;59;9808;32
54357;MAXEVILLE;54;9818;44
83016;LE BEAUSSET;83;9845;93
27056;BERNAY;27;9848;28
95394;MERY-SUR-OISE;95;9865;11
42189;ROCHE-LA-MOLIERE;42;9884;84
6084;MOUANS-SARTOUX;6;9887;93
13043;GIGNAC-LA-NERTHE;13;9887;93
35278;SAINT-GREGOIRE;35;9890;53
69276;FEYZIN;69;9902;84
33433;SAINT LOUBES;33;9909;75
91312;IGNY;91;9917;11
76165;CAUDEBEC-LES-ELBEUF;76;9949;28
1143;DIVONNE-LES-BAINS;1;9951;84
44015;BLAIN;44;9954;52
26057;BOURG-DE-PEAGE;26;9957;84
42005;ANDREZIEUX-BOUTHEON;42;9963;84
38158;EYBENS;38;9980;84
81163;MAZAMET;81;9996;76
54580;VILLERUPT;54;10003;44
11206;LIMOUX;11;10012;76
54482;SAINT MAX;54;10019;44
1160;FERNEY-VOLTAIRE;1;10026;84
78190;CROISSY SUR SEINE;78;10031;11
91086;BONDOUFLE;91;10046;11
50099;CARENTAN LES MARAIS;50;10052;28
86041;BUXEROLLES;86;10060;75
74133;GAILLARD;74;10071;84
79202;PARTHENAY;79;10089;75
78643;VERNOUILLET;78;10104;11
6149;LA TRINITE;6;10115;93
33519;LE TAILLAN MEDOC;33;10141;75
60139;CHAMBLY;60;10147;32
60157;CLERMONT;60;10163;32
84088;PERNES LES FONTAINES;84;10170;93
45075;LA CHAPELLE ST MESMIN;45;10180;24
62587;MONTIGNY EN GOHELLE;62;10180;32
35093;DINARD;35;10181;53
34255;SAINT-GELY-DU-FESC;34;10197;76
76476;PORT-JEROME-SUR-SEINE;76;10248;28
66008;ARGELES SUR MER;66;10260;76
50025;AVRANCHES;50;10264;28
59426;NEUVILLE EN FERRAIN;59;10264;32
83098;LE PRADET;83;10277;93
35055;CHANTEPIE;35;10278;53
35069;CHATEAUGIRON;35;10283;53
51573;TINQUEUX;51;10294;44
37109;FONDETTES;37;10301;24
37195;LA RICHE;37;10317;24
34337;VILLENEUVE-LES-MAGUELONE;34;10344;76
77153;DAMMARTIN-EN-GOELE;77;10355;11
64430;ORTHEZ;64;10369;75
30202;PONT ST ESPRIT;30;10369;76
69152;PIERRE BENITE;69;10397;84
94055;ORMESSON-SUR-MARNE;94;10419;11
2810;VILLERS-COTTERETS;2;10424;32
78138;CHANTELOUP-LES-VIGNES;78;10426;11
91200;DOURDAN;91;10452;11
77464;THORIGNY SUR MARNE;77;10454;11
91661;VILLEBON SUR YVETTE;91;10466;11
44204;THOUARE-SUR-LOIRE;44;10482;52
69243;TARARE;69;10490;84
10362;SAINTE SAVINE;10;10508;44
62525;LONGUENESSE;62;10563;32
33238;LEOGNAN;33;10571;75
64422;OLORON SAINTE MARIE;64;10594;75
59636;WAMBRECHIES;59;10608;32
7324;TOURNON-SUR-RHONE;7;10622;84
69271;CHASSIEU;69;10638;84
83071;LA LONDE LES MAURES;83;10641;93
70285;HERICOURT;70;10646;27
76216;DEVILLE-LES-ROUEN;76;10654;28
76410;MAROMME;76;10663;28
26252;PORTES LES VALENCE;26;10680;84
31116;CASTELGINEST;31;10682;76
38317;LE PONT-DE-CLAIX;38;10716;84
24053;BOULAZAC ISLE MANOIRE;24;10737;75
7102;GUILHERAND-GRANGES;7;10756;84
33284;MIOS;33;10781;75
59386;MARQUETTE-LEZ-LILLE;59;10798;32
77067;CESSON;77;10833;11
78688;VOISINS-LE-BRETONNEUX;78;10835;11
42184;RIORGES;42;10848;84
49050;BRISSAC LOIRE AUBANCE;49;10851;52
37156;MONTLOUIS-SUR-LOIRE;37;10868;24
60141;CHANTILLY;60;10950;32
91552;SAINT-GERMAIN-LES-ARPAJON;91;10983;11
33051;BIGANOS;33;10990;75
78674;VILLEPREUX;78;11003;11
31488;ST JEAN;31;11017;76
95351;LOUVRES;95;11037;11
44003;ANCENIS-SAINT-GEREON;44;11037;52
84003;APT;84;11037;93
66171;SAINT-CYPRIEN;66;11040;76
38474;SASSENAGE;38;11062;84
93030;DUGNY;93;11073;11
34270;SAINT-JEAN-DE-VEDAS;34;11086;76
83073;LE LUC;83;11094;93
77487;VAUX-LE-PENIL;77;11101;11
28229;MAINVILLIERS;28;11127;24
2A247;PORTO-VECCHIO;2A;11132;94
62758;ST MARTIN BOULOGNE;62;11136;32
44132;PORNICHET;44;11141;52
74224;LA ROCHE SUR FORON;74;11149;84
72003;ALLONNES;72;11167;52
91216;EPINAY SUR ORGE;91;11184;11
69273;CORBAS;69;11196;84
91573;SAINT-PIERRE-DU-PERRAY;91;11220;11
92077;VILLE-D'AVRAY;92;11225;11
74208;PASSY;74;11233;84
69069;CRAPONNE;69;11248;84
85226;SAINT-HILAIRE-DE-RIEZ;85;11297;52
83042;COGOLIN;83;11311;93
11203;LEZIGNAN-CORBIERES;11;11317;76
5023;BRIANCON;5;11339;93
34123;JUVIGNAC;34;11344;76
91021;ARPAJON;91;11355;11
51649;VITRY LE FRANCOIS;51;11376;44
22215;PLOUFRAGAN;22;11383;53
84141;VEDENE;84;11383;93
76758;YVETOT;76;11448;28
95210;ENGHIEN LES BAINS;95;11470;11
83112;SAINT-CYR-SUR-MER;83;11484;93
30341;VAUVERT;30;11492;76
33200;LE HAILLAN;33;11539;75
76114;BOLBEC;76;11610;28
33009;ARCACHON;33;11630;75
13075;PLAN DE CUQUES;13;11649;93
2173;CHAUNY;2;11653;32
27284;GISORS;27;11696;28
10081;LA CHAPELLE ST LUC;10;11741;44
83130;SOLLIES-PONT;83;11762;93
56078;GUIDEL;56;11767;53
94075;VILLECRESNES;94;11779;11
63430;THIERS;63;11784;84
31561;L UNION;31;11798;76
35210;PACE;35;11860;53
37050;CHAMBRAY LES TOURS;37;11880;24
38485;SEYSSINET-PARISET;38;11891;84
56206;SAINT-AVE;56;11895;53
59574;SOMAIN;59;11934;32
42044;LE CHAMBON-FEUGEROLLES;42;11948;84
83049;CUERS;83;11962;93
97230;TRINITE;972;12025;2
44036;CHATEAUBRIANT;44;12031;52
94060;LA QUEUE-EN-BRIE;94;12051;11
95313;L'ISLE-ADAM;95;12063;11
59383;MARLY;59;12083;32
69027;BRIGNAIS;69;12097;84
73179;LA MOTTE SERVOLEX;73;12120;84
72264;SABLE SUR SARTHE;72;12125;52
77379;PROVINS;77;12132;11
78029;AUBERGENVILLE;78;12152;11
77118;CLAYE-SOUILLY;77;12172;11
11076;CASTELNAUDARY;11;12187;76
30351;VILLENEUVE LES AVIGNON;30;12216;76
29233;QUIMPERLE;29;12220;53
77316;MORET-LOING-ET-ORVANNE;77;12223;11
62413;HARNES;62;12237;32
33005;ANDERNOS-LES-BAINS;33;12242;75
78624;TRIEL SUR SEINE;78;12250;11
35024;BETTON;35;12265;53
91215;EPINAY-SOUS-SENART;91;12266;11
66037;CANET EN ROUSSILLON;66;12284;76
34157;MEZE;34;12307;76
48095;MENDE;48;12318;76
59491;RAISMES;59;12324;32
33366;SAINT-ANDRE-DE-CUBZAC;33;12372;75
76057;BARENTIN;76;12398;28
59560;SECLIN;59;12463;32
28404;VERNOUILLET;28;12472;24
3095;CUSSET;3;12474;84
7019;AUBENAS;7;12479;84
74042;BONNEVILLE;74;12509;84
50218;GRANVILLE;50;12513;28
37003;AMBOISE;37;12533;24
6033;CARROS;6;12550;93
60509;PONT STE MAXENCE;60;12602;32
83148;VIDAUBAN;83;12616;93
40312;TARNOS;40;12634;75
45068;CHALETTE-SUR-LOING;45;12688;24
31506;ST ORENS DE GAMEVILLE;31;12696;76
23096;GUERET;23;12734;75
10333;SAINT ANDRE LES VERGERS;10;12784;44
64129;BILLERE;64;12793;75
49246;LES PONTS DE CE;49;12819;52
53147;MAYENNE;53;12823;52
3321;YZEURE;3;12838;84
6104;ROQUEBRUNE CAP MARTIN;6;12839;93
13007;AURIOL;13;12922;93
84080;MONTEUX;84;12935;93
71014;AUTUN;71;12987;27
77333;NEMOURS;77;13088;11
28088;CHATEAUDUN;28;13096;24
59421;MOUVAUX;59;13121;32
1173;GEX;1;13121;84
65286;LOURDES;65;13132;76
59527;SAINT-ANDRE;59;13151;32
29189;PLOUGASTEL-DAOULAS;29;13161;53
69277;GENAS;69;13181;84
60471;NOYON;60;13190;32
45004;AMILLY;45;13233;24
85092;FONTENAY-LE-COMTE;85;13235;52
78015;ANDRESY;78;13302;11
69019;BELLEVILLE-EN-BEAUJOLAIS;69;13314;84
59014;ANZIN;59;13329;32
25031;AUDINCOURT;25;13341;27
6012;BEAUSOLEIL;6;13358;93
77479;VAIRES SUR MARNE;77;13368;11
82112;MOISSAC;82;13378;76
40279;ST-PAUL-LES-DAX;40;13381;75
77014;AVON;77;13419;11
91432;MORANGIS;91;13424;11
84019;BOLLENE;84;13439;93
78242;FONTENAY LE FLEURY;78;13466;11
59508;RONCQ;59;13482;32
62108;BERCK;62;13482;32
6152;VALBONNE;6;13486;93
26235;PIERRELATTE;26;13510;84
77307;MONTEVRAIN;77;13517;11
45155;GIEN;45;13566;24
93079;VILLETANEUSE;93;13574;11
2738;TERGNIER;2;13588;32
91235;FLEURY-MEROGIS;91;13641;11
59367;LYS LEZ LANNOY;59;13643;32
60414;MONTATAIRE;60;13645;32
64348;LONS;64;13707;75
69283;MIONS;69;13707;84
95487;PERSAN;95;13734;11
76157;CANTELEU;76;13846;28
77251;LIEUSAINT;77;13853;11
83090;OLLIOULES;83;13866;93
30258;ST GILLES;30;13931;76
1354;ST-GENIS-POUILLY;1;13943;84
40046;BISCARROSSE;40;13947;75
35281;ST JACQUES DE LA LANDE;35;13948;53
29046;DOUARNENEZ;29;14000;53
82033;CASTELSARRASIN;82;14114;76
77407;SAINT-FARGEAU-PONTHIERRY;77;14121;11
59139;CAUDRY;59;14121;32
1004;AMBERIEU-EN-BUGEY;1;14134;84
56007;AURAY;56;14141;53
94069;ST MAURICE;94;14189;11
64483;SAINT-JEAN-DE-LUZ;64;14196;75
31113;CASTANET TOLOSAN;31;14213;76
95019;ARNOUVILLE;95;14255;11
44154;SAINT BREVIN LES PINS;44;14287;52
22187;PLERIN;22;14309;53
77258;LOGNES;77;14353;11
54304;LAXOU;54;14366;44
22050;DINAN;22;14407;53
49015;AVRILLE;49;14443;52
83115;SAINTE MAXIME;83;14448;93
60395;MERU;60;14452;32
10323;ROMILLY SUR SEINE;10;14480;44
54431;PONT A MOUSSON;54;14497;44
95427;MONTMAGNY;95;14523;11
54578;VILLERS LES NANCY;54;14525;44
93062;LE RAINCY;93;14569;11
76108;BOIS GUILLAUME;76;14592;28
31446;RAMONVILLE ST AGNE;31;14600;76
59286;HAUBOURDIN;59;14725;32
60612;SENLIS;60;14760;32
61169;FLERS;61;14762;28
54323;LONGWY;54;14774;44
77131;COULOMMIERS;77;14779;11
60176;CREPY EN VALOIS;60;14788;32
19272;TULLE;19;14812;75
29151;MORLAIX;29;14845;53
72154;LA FLECHE;72;14858;52
94074;VALENTON;94;14883;11
91645;VERRIERES LE BUISSON;91;14888;11
62765;SAINT OMER;62;14903;32
69089;FRANCHEVILLE;69;14906;84
70550;VESOUL;70;14914;27
83107;ROQUEBRUNE-SUR-ARGENS;83;14937;93
49353;TRELAZE;49;14961;52
45208;MONTARGIS;45;14976;24
42186;RIVE-DE-GIER;42;14978;84
78418;MONTESSON;78;14991;11
37208;SAINT AVERTIN;37;14995;24
95539;SAINT-BRICE-SOUS-FORET;95;15043;11
56178;PONTIVY;56;15064;53
59648;WATTIGNIES;59;15075;32
59043;BAILLEUL;59;15163;32
78124;CARRIERES SUR SEINE;78;15178;11
42279;SAINT-JUST-SAINT-RAMBERT;42;15229;84
2168;CHATEAU THIERRY;2;15254;32
91386;MENNECY;91;15292;11
63178;ISSOIRE;63;15296;84
44172;SAINTE-LUCE-SUR-LOIRE;44;15319;52
78073;BOIS D ARCY;78;15325;11
28218;LUCE;28;15403;24
33056;BLANQUEFORT;33;15419;75
59569;SIN LE NOBLE;59;15428;32
76447;MONTIVILLIERS;76;15470;28
91471;ORSAY;91;15503;11
95199;DOMONT;95;15504;11
54528;TOUL;54;15633;44
9225;PAMIERS;9;15659;76
77186;FONTAINEBLEAU;77;15696;11
78481;PECQ (LE);78;15716;11
74225;RUMILLY;74;15768;84
41269;VENDOME;41;15856;24
44131;PORNIC;44;15859;52
59526;SAINT-AMAND-LES-EAUX;59;15870;32
74243;SAINT-JULIEN-EN-GENEVOIS;74;15873;84
97224;SAINT JOSEPH;972;15883;2
93013;LE BOURGET;93;15905;11
30032;BEAUCAIRE;30;15906;76
42147;MONTBRISON;42;15915;84
29103;LANDERNEAU;29;15918;53
78650;VESINET (LE);78;15943;11
38382;SAINT-EGREVE;38;15944;84
77337;NOISIEL;77;15960;11
37233;SAINT-PIERRE-DES-CORPS;37;15967;24
97210;FRANCOIS;972;15980;2
78642;VERNEUIL SUR SEINE;78;15980;11
56083;HENNEBONT;56;16062;53
13027;CHATEAURENARD;13;16063;93
8409;SEDAN;8;16092;44
44069;GUERANDE;44;16112;52
95563;ST LEU LA FORET;95;16130;11
76231;ELBEUF;76;16224;28
85109;HERBIERS (LES);85;16250;52
44055;LA BAULE-ESCOUBLAC;44;16255;52
6161;VILLENEUVE-LOUBET;6;16285;93
7010;ANNONAY;7;16297;84
45302;SARAN;45;16357;24
1033;VALSERHONE;1;16378;84
78372;MARLY-LE-ROI;78;16385;11
45285;ST JEAN DE LA RUELLE;45;16411;24
37214;SAINT CYR SUR LOIRE;37;16419;24
95637;VAUREAL;95;16456;11
4070;DIGNE-LES-BAINS;4;16482;93
38193;L'ISLE-D'ABEAU;38;16584;84
31044;BALMA;31;16625;76
33003;AMBARES-ET-LAGRAVE;33;16636;75
78123;CARRIERES SOUS POISSY;78;16641;11
22093;LAMBALLE-ARMOR;22;16688;53
34154;MAUGUIO;34;16705;76
95323;JOUY-LE-MOUTIER;95;16741;11
78686;VIROFLAY;78;16752;11
74256;SALLANCHES;74;16831;84
83123;SANARY SUR MER;83;16889;93
42095;FIRMINY;42;16901;84
74081;CLUSES;74;16918;84
55545;VERDUN;55;16942;44
53062;CHATEAU-GONTIER-SUR-MAYENNE;53;16950;52
64260;HENDAYE;64;16967;75
94004;BOISSY-SAINT-LEGER;94;16977;11
84092;LE PONTET;84;17041;93
33122;CESTAS;33;17053;75
35051;CESSON-SEVIGNE;35;17082;53
83116;ST MAXIMIN LA STE BAUME;83;17095;93
78335;LIMAY;78;17136;11
39300;LONS LE SAUNIER;39;17189;27
93061;LE PRE-SAINT-GERVAIS;93;17351;11
83023;BRIGNOLES;83;17361;93
47157;MARMANDE;47;17421;75
95476;OSNY;95;17446;11
34129;LATTES;34;17453;76
91326;JUVISY SUR ORGE;91;17454;11
49331;SEGRE-EN-ANJOU BLEU;49;17462;52
78165;CLAYES-SOUS-BOIS (LES);78;17487;11
94015;BRY-SUR-MARNE;94;17525;11
25462;PONTARLIER;25;17542;27
62215;CARVIN;62;17557;32
13026;CHATEAUNEUF-LES-MARTIGUES;13;17606;93
62065;AVION;62;17625;32
97207;DUCOS;972;17655;2
71306;MONTCEAU LES MINES;71;17678;27
78383;MAUREPAS;78;17683;11
56162;PLOEMEUR;56;17778;53
38229;MEYLAN;38;17786;84
92033;GARCHES;92;17795;11
77296;MOISSY-CRAMAYEL;77;17849;11
54329;LUNEVILLE;54;17867;44
41194;ROMORANTIN-LANTHENAY;41;17924;24
95598;SOISY SS MONTMORENCY;95;18033;11
94019;CHENNEVIERES SUR MARNE;94;18039;11
76259;FECAMP;76;18041;28
94011;BONNEUIL-SUR-MARNE;94;18062;11
30028;BAGNOLS SUR CEZE;30;18091;76
33167;FLOIRAC;33;18181;75
59220;FACHES THUMESNIL;59;18191;32
95218;ERAGNY-SUR-OISE;95;18296;11
35360;VITRE;35;18487;53
59299;HEM;59;18636;32
83047;LA CRAU;83;18774;93
77053;BRIE COMTE ROBERT;77;18812;11
94037;GENTILLY;94;18815;11
38553;VILLEFONTAINE;38;18835;84
84129;SORGUES;84;18893;93
35047;BRUZ;35;18905;53
6157;VENCE;6;18940;93
69081;ECULLY;69;18948;84
63300;RIOM;63;19004;84
50502;SAINT-LO;50;19050;28
43157;LE PUY EN VELAY;43;19215;84
3190;MOULINS;3;19246;84
59507;RONCHIN;59;19294;32
31157;CUGNAUX;31;19344;76
76451;MONT-SAINT-AIGNAN;76;19357;28
33075;BRUGES;33;19403;75
73011;ALBERTVILLE;73;19502;84
44035;CHAPELLE-SUR-ERDRE (LA);44;19551;52
88413;SAINT DIE DES VOSGES;88;19576;44
97229;SCHOELCHER;972;19612;2
69199;ST FONS;69;19617;84
94042;JOINVILLE-LE-PONT;94;19652;11
78545;SAINT-CYR-L ECOLE;78;19792;11
26058;BOURG LES VALENCE;26;19792;84
29039;CONCARNEAU;29;19816;53
91161;CHILLY MAZARIN;91;19822;11
94059;LE PLESSIS-TREVISE;94;19829;11
79049;BRESSUIRE;79;19850;75
59172;DENAIN;59;19877;32
44020;BOUGUENAIS;44;19903;52
46042;CAHORS;46;19937;76
6085;MOUGINS;6;19982;93
94021;CHEVILLY-LARUE;94;19988;11
92071;SCEAUX;92;20004;11
14366;LISIEUX;14;20038;28
84054;L ISLE SUR LA SORGUE;84;20042;93
91434;MORSANG-SUR-ORGE;91;20124;11
22113;LANNION;22;20210;53
69091;GIVORS;69;20285;84
44026;CARQUEFOU;44;20365;52
38563;VOIRON;38;20372;84
85146;MONTAIGU-VENDEE;85;20424;52
91570;SAINT-MICHEL-SUR-ORGE;91;20484;11
77350;OZOIR LA FERRIERE;77;20532;11
84089;PERTUIS;84;20557;93
77294;MITRY MORY;77;20648;11
78126;CELLE-SAINT-CLOUD (LA);78;20692;11
59279;HALLUIN;59;20743;32
92022;CHAVILLE;92;20771;11
60463;NOGENT SUR OISE;60;20780;32
78362;MANTES-LA-VILLE;78;20818;11
49092;CHEMILLE-EN-ANJOU;49;20828;52
40088;DAX;40;20843;75
59646;WASQUEHAL;59;20860;32
93049;NEUILLY-PLAISANCE;93;20878;11
59163;CROIX;59;20881;32
95555;ST GRATIEN;95;20895;11
69204;SAINT-GENIS-LAVAL;69;20914;84
77285;LE MEE SUR SEINE;77;20917;11
91272;GIF SUR YVETTE;91;21007;11
45147;FLEURY LES AUBRAIS;45;21010;24
92014;BOURG-LA-REINE;92;21050;11
77305;MONTEREAU FAULT YONNE;77;21229;11
91345;LONGJUMEAU;91;21269;11
71153;LE CREUSOT;71;21269;27
59410;MONS EN BAROEUL;59;21277;32
45284;ST JEAN DE BRAYE;45;21288;24
85047;CHALLANS;85;21322;52
13002;ALLAUCH;13;21372;93
59295;HAZEBROUCK;59;21408;32
95424;MONTIGNY LES CORMEILLES;95;21528;11
78005;ACHERES;78;21529;11
77243;LAGNY-SUR-MARNE;77;21539;11
77122;COMBS LA VILLE;77;21627;11
94077;VILLENEUVE-LE-ROI;94;21679;11
95428;MONTMORENCY;95;21723;11
47323;VILLENEUVE SUR LOT;47;21742;75
94003;ARCUEIL;94;21788;11
52121;CHAUMONT;52;21847;44
59368;LA MADELEINE;59;21856;32
33199;GUJAN MESTRAS;33;21887;75
97222;ROBERT;972;21913;2
6079;MANDELIEU-LA-NAPOULE;6;21998;93
76498;PETIT QUEVILLY (LE);76;22000;28
77468;TORCY;77;22030;11
77152;DAMMARIE LES LYS;77;22128;11
95197;DEUIL LA BARRE;95;22149;11
32013;AUCH;32;22173;76
69202;SAINTE FOY LES LYON;69;22175;84
69244;TASSIN-LA-DEMI-LUNE;69;22286;84
44047;COUERON;44;22309;52
94067;SAINT-MANDE;94;22377;11
45232;OLIVET;45;22386;24
51230;EPERNAY;51;22433;44
1283;OYONNAX;1;22456;84
59271;GRANDE-SYNTHE;59;22522;32
4112;MANOSQUE;4;22528;93
34057;CASTELNAU LE LEZ;34;22534;76
77390;ROISSY-EN-BRIE;77;22851;11
59360;LOOS;59;22866;32
80001;ABBEVILLE;80;22980;32
34108;FRONTIGNAN;34;23028;76
78640;VELIZY VILLACOUBLAY;78;23092;11
56098;LANESTER;56;23124;53
33249;LORMONT;33;23181;75
38169;FONTAINE;38;23211;84
78358;MAISONS-LAFFITTE;78;23361;11
49023;BEAUPREAU-EN-MAUGES;49;23419;52
93045;LES LILAS;93;23447;11
92072;SEVRES;92;23463;11
17299;ROCHEFORT;17;23584;75
39198;DOLE;39;23711;27
27681;VERNON;27;23727;28
91421;MONTGERON;91;23760;11
33069;LE BOUSCAT;33;23890;75
93057;LES PAVILLONS-SOUS-BOIS;93;23898;11
83144;LA VALETTE DU VAR;83;24087;93
92078;VILLENEUVE-LA-GARENNE;92;24097;11
33243;LIBOURNE;33;24257;75
2408;LAON;2;24304;32
33162;EYSINES;33;24488;75
94054;ORLY;94;24627;11
95572;ST OUEN L AUMONE;95;24674;11
97304;KOUROU;973;24903;3
59017;ARMENTIERES;59;24909;32
94043;LE KREMLIN-BICETRE;94;24971;11
3310;VICHY;3;24980;84
91692;LES ULIS;91;25024;11
62119;BETHUNE;62;25039;32
17415;SAINTES;17;25287;75
91114;BRUNOY;91;25330;11
95203;EAUBONNE;95;25335;11
95176;CORMEILLES-EN-PARISIS;95;25406;11
18279;VIERZON;18;25464;24
33119;CENON;33;25496;75
83062;LA GARDE;83;25505;93
31069;BLAGNAC;31;25525;76
92032;FONTENAY-AUX-ROSES;92;25531;11
44215;VERTOU;44;25541;52
78208;ELANCOURT;78;25624;11
91223;ETAMPES;91;25629;11
77083;CHAMPS-SUR-MARNE;77;25654;11
33192;GRADIGNAN;33;25694;75
64122;BIARRITZ;64;25787;75
25388;MONTBELIARD;25;25806;27
61001;ALENCON;61;25870;28
76322;GRAND QUEVILLY (LE);76;25963;28
62427;HENIN-BEAUMONT;62;25992;32
95277;GONESSE;95;26106;11
33529;LA TESTE-DE-BUCH;33;26168;75
84035;CAVAILLON;84;26236;93
97309;REMIRE MONTJOLY;973;26358;3
34145;LUNEL;34;26385;76
13063;MIRAMAS;13;26428;93
49328;SAUMUR;49;26467;52
69149;OULLINS;69;26553;84
95582;SANNOIS;95;26565;11
77514;VILLEPARISIS;77;26580;11
77058;BUSSY-SAINT-GEORGES;77;26597;11
89387;SENS;89;26688;27
24037;BERGERAC;24;26693;75
95607;TAVERNY;95;26872;11
78517;RAMBOUILLET;78;27141;11
94071;SUCY-EN-BRIE;94;27157;11
44114;ORVAULT;44;27209;52
6155;VALLAURIS;6;27364;93
59328;LAMBERSART;59;27400;32
91103;BRETIGNY SUR ORGE;91;27412;11
44190;ST SEBASTIEN SUR LOIRE;44;27493;52
94044;LIMEIL-BREVANNES;94;27833;11
92075;VANVES;92;27846;11
93047;MONTFERMEIL;93;27928;11
31557;TOURNEFEUILLE;31;28117;76
91286;GRIGNY;91;28201;11
76217;DIEPPE;76;28241;28
76575;SAINT-ETIENNE-DU-ROUVRAY;76;28352;28
95680;VILLIERS-LE-BEL;95;28423;11
91201;DRAVEIL;91;28602;11
94034;FRESNES;94;28710;11
2722;SOISSONS;2;28712;32
84087;ORANGE;84;28772;93
93014;CLICHY SOUS BOIS;93;28782;11
38053;BOURGOIN-JALLIEU;38;28834;84
92009;BOIS-COLOMBES;92;28841;11
94079;VILLIERS-SUR-MARNE;94;28895;11
69275;DECINES-CHARPIEU;69;28930;84
95219;ERMONT;95;28939;11
76681;SOTTEVILLE-LES-ROUEN;76;29068;28
6123;SAINT LAURENT DU VAR;6;29169;93
84031;CARPENTRAS;84;29236;93
91691;YERRES;91;29318;11
78297;GUYANCOURT;78;29471;11
59392;MAUBEUGE;59;29589;32
34003;AGDE;34;29600;76
92035;LA GARENNE-COLOMBES;92;29642;11
91521;RIS-ORANGIS;91;29745;11
40192;MONT-DE-MARSAN;40;29807;75
94018;CHARENTON-LE-PONT;94;29882;11
24322;PERIGUEUX;24;29896;75
54547;VANDOEUVRE LES NANCY;54;29942;44
77445;SAVIGNY-LE-TEMPLE;77;29987;11
92064;SAINT-CLOUD;92;30012;11
92060;LE PLESSIS-ROBINSON;92;30061;11
93063;ROMAINVILLE;93;30087;11
78146;CHATOU;78;30153;11
93077;VILLEMOMBLE;93;30405;11
94016;CACHAN;94;30440;11
73008;AIX LES BAINS;73;30463;84
6083;MENTON;6;30525;93
33039;BEGLES;33;30642;75
28134;DREUX;28;30646;24
94073;THIAIS;94;30676;11
69286;RILLIEUX-LA-PAPE;69;30697;84
93059;PIERREFITTE-SUR-SEINE;93;30861;11
91687;VIRY CHATILLON;91;30865;11
78490;PLAISIR;78;30950;11
92046;MALAKOFF;92;30950;11
95280;GOUSSAINVILLE;95;31068;11
78158;LE CHESNAY-ROCQUENCOURT;78;31233;11
95306;HERBLAY-SUR-SEINE;95;31314;11
91657;VIGNEUX SUR SEINE;91;31394;11
62498;LENS;62;31461;32
86066;CHATELLERAULT;86;31487;75
95063;BEZONS;95;31671;11
33449;SAINT MEDARD EN JALLES;33;31808;75
94038;L'HAY-LES-ROSES;94;32071;11
59122;CAMBRAI;59;32176;32
88160;EPINAL;88;32256;44
78423;MONTIGNY LE BRETONNEUX;78;32282;11
13054;MARIGNANE;13;32384;93
95500;PONTOISE;95;32405;11
47001;AGEN;47;32602;75
78621;TRAPPES;78;32645;11
78311;HOUILLES;78;32801;11
97408;LA POSSESSION;974;32985;4
58194;NEVERS;58;33005;27
26281;ROMANS-SUR-ISERE;26;33098;84
78440;MUREAUX (LES);78;33203;11
13117;VITROLLES;13;33333;93
97307;MATOURY;973;33458;3
94058;LE PERREUX-SUR-MARNE;94;33588;11
42187;ROANNE;42;33809;84
71270;MACON;71;33908;27
92019;CHATENAY-MALABRY;92;34021;11
94052;NOGENT-SUR-MARNE;94;34042;11
97418;SAINTE MARIE;974;34061;4
89024;AUXERRE;89;34451;27
97413;SAINT-LEU;974;34586;4
83129;SIX-FOURS-LES-PLAGES;83;34592;93
69282;MEYZIEU;69;34640;84
42207;SAINT-CHAMOND;42;34841;84
94078;VILLENEUVE-SAINT-GEORGES;94;34890;11
91477;PALAISEAU;91;35236;11
78172;CONFLANS SAINTE HONORINE;78;35536;11
91027;ATHIS MONS;91;35670;11
91549;SAINTE-GENEVIEVE-DES-BOIS;91;35830;11
93050;NEUILLY-SUR-MARNE;93;35907;11
13028;LA CIOTAT;13;35993;93
83118;SAINT RAPHAEL;83;36027;93
93006;BAGNOLET;93;36060;11
60175;CREIL;60;36169;32
69264;VILLEFRANCHE;69;36291;84
93073;TREMBLAY-EN-FRANCE;93;36461;11
91589;SAVIGNY-SUR-ORGE;91;36577;11
74012;ANNEMASSE;74;36582;84
92020;CHATILLON;92;36639;11
33550;VILLENAVE D ORNON;33;36754;75
97127;SAINT MARTIN;971;36824;1
38151;ECHIROLLES;38;36932;84
97410;SAINT-BENOIT;974;37036;4
95252;FRANCONVILLE LA GARENNE;95;37394;11
77373;PONTAULT COMBAULT;77;37617;11
93078;VILLEPINTE;93;37713;11
38421;SAINT-MARTIN-D'HERES;38;37935;84
93072;STAINS;93;38285;11
37122;JOUE LES TOURS;37;38444;24
59378;MARCQ EN BAROEUL;59;38486;32
28085;CHARTRES;28;38534;24
78498;POISSY;78;39187;11
83050;DRAGUIGNAN;83;39433;93
59178;DOUAI;59;39613;32
93032;GAGNY;93;39661;11
64024;ANGLET;64;39719;75
26198;MONTELIMAR;26;39818;84
31149;COLOMIERS;31;39968;76
97213;LE LAMENTIN;972;40095;2
62160;BOULOGNE SUR MER;62;40251;32
60159;COMPIEGNE;60;40615;32
5061;GAP;5;40631;93
77288;MELUN;77;40844;11
59650;WATTRELOS;59;40898;32
92007;BAGNEUX;92;40936;11
16015;ANGOULEME;16;41603;75
62041;ARRAS;62;41694;32
30007;ALES;30;41837;76
6030;LE CANNET;6;41887;93
81065;CASTRES;81;42079;76
69029;BRON;69;42244;84
65440;TARBES;65;42758;76
44143;REZE;44;42919;52
36044;CHATEAUROUX;36;43122;24
59606;VALENCIENNES;59;43229;32
95268;GARGES-LES-GONESSE;95;43239;11
69034;CALUIRE ET CUIRE;69;43294;84
22278;SAINT-BRIEUC;22;43605;53
33522;TALENCE;33;43820;75
34301;SETE;34;43858;76
78361;MANTES-LA-JOLIE;78;43921;11
51108;CHALONS EN CHAMPAGNE;51;44379;44
93053;NOISY-LE-SEC;93;44463;11
94002;ALFORTVILLE;94;44805;11
78551;SAINT-GERMAIN-EN-LAYE;78;44806;11
85194;SABLES-D'OLONNE (LES);85;45030;52
93027;LA COURNEUVE;93;45053;11
71076;CHALON-SUR-SAONE;71;45056;27
92062;PUTEAUX;92;45157;11
13103;SALON-DE-PROVENCE;13;45386;93
93046;LIVRY-GARGAN;93;45692;11
92048;MEUDON;92;45818;11
41018;BLOIS;41;45898;24
93064;ROSNY-SOUS-BOIS;93;46024;11
94022;CHOISY-LE-ROI;94;46150;11
19031;BRIVE LA GAILLARDE;19;46330;75
27229;EVREUX;27;46349;28
8105;CHARLEVILLE-MEZIERES;8;46436;44
90010;BELFORT;90;46443;27
35288;SAINT-MALO;35;46803;53
11069;CARCASSONNE;11;46825;76
69290;SAINT-PRIEST;69;46927;84
44162;ST-HERBLAIN;44;47415;52
13005;AUBAGNE;13;47535;93
97311;SAINT LAURENT DU MARONI;973;47621;3
92049;MONTROUGE;92;48352;11
92036;GENNEVILLIERS;92;48530;11
6069;GRASSE;6;48870;93
81004;ALBI;81;48902;76
92073;SURESNES;92;49311;11
53130;LAVAL;53;49733;52
94080;VINCENNES;94;49788;11
13004;ARLES;13;50454;93
91377;MASSY;91;50644;11
93070;SAINT-OUEN-SUR-SEINE;93;50697;11
91174;CORBEIL ESSONNES;91;51234;11
93071;SEVRAN;93;51734;11
64102;BAYONNE;64;51894;75
94033;FONTENAY-SOUS-BOIS;94;52008;11
6027;CAGNES SUR MER;6;52178;93
78586;SARTROUVILLE;78;52774;11
69256;VAULX EN VELIN;69;52795;84
92023;CLAMART;92;52925;11
2691;SAINT QUENTIN;2;53570;32
56260;VANNES;56;53719;53
49099;CHOLET;49;54037;52
93008;BOBIGNY;93;54363;11
83061;FREJUS;83;54458;93
93010;BONDY;93;54587;11
93031;EPINAY SUR SEINE;93;54611;11
83069;HYERES;83;54821;93
85191;ROCHE SUR YON (LA);85;55147;52
77108;CHELLES;77;55154;11
94076;VILLEJUIF;94;55208;11
11262;NARBONNE;11;55516;76
77284;MEAUX;77;55750;11
94046;MAISONS-ALFORT;94;56483;11
97409;SAINT-ANDRE;974;56902;4
60057;BEAUVAIS;60;57071;32
56121;LORIENT;56;57246;53
93007;LE BLANC-MESNIL;93;57498;11
73065;CHAMBERY;73;58917;84
79191;NIORT;79;59193;75
95585;SARCELLES;95;59196;11
92051;NEUILLY-SUR-SEINE;92;59599;11
93055;PANTIN;93;59846;11
82121;MONTAUBAN;82;61372;76
59009;VILLENEUVE-D'ASCQ;59;61957;32
10387;TROYES;10;61957;44
92002;ANTONY;92;62760;11
83126;LA SEYNE SUR MER;83;62987;93
92024;CLICHY;92;63089;11
29232;QUIMPER;29;63283;53
94041;IVRY-SUR-SEINE;94;63748;11
18033;BOURGES;18;64541;24
26362;VALENCE;26;64749;84
33318;PESSAC;33;65245;75
97302;CAYENNE;973;65493;3
95127;CERGY;95;65911;11
92044;LEVALLOIS-PERRET;92;66082;11
91228;EVRY-COURCOURONNES;91;66851;11
69259;VENISSIEUX;69;67285;84
93051;NOISY-LE-GRAND;93;67871;11
92040;ISSY-LES-MOULINEAUX;92;67981;11
2A004;AJACCIO;2A;71361;94
44184;SAINT-NAZAIRE;44;71394;52
33281;MERIGNAC;33;72197;75
93029;DRANCY;93;72376;11
62193;CALAIS;62;72509;32
6004;ANTIBES;6;73438;93
6029;CANNES;6;74545;93
94068;SAINT-MAUR-DES-FOSSES;94;74976;11
64445;PAU;64;75627;75
97209;FORT DE FRANCE;972;76512;2
94017;CHAMPIGNY-SUR-MARNE;94;76990;11
17300;LA ROCHELLE;17;77205;75
34032;BEZIERS;34;78308;76
92063;RUEIL-MALMAISON;92;78317;11
50129;CHERBOURG-EN-COTENTIN;50;78549;28
92026;COURBEVOIE;92;81558;11
78646;VERSAILLES;78;84808;11
97416;SAINT PIERRE;974;84982;4
92025;COLOMBES;92;86534;11
93005;AULNAY SOUS BOIS;93;86969;11
92004;ASNIERES-SUR-SEINE;92;87143;11
93001;AUBERVILLIERS;93;88948;11
86194;POITIERS;86;89212;75
84007;AVIGNON;84;91143;93
94028;CRETEIL;94;93246;11
94081;VITRY-SUR-SEINE;94;95510;11
92050;NANTERRE;92;96277;11
59599;TOURCOING;59;98656;32
59512;ROUBAIX;59;98828;32
97415;SAINT-PAUL;974;103208;4
54395;NANCY;54;105058;44
14118;CAEN;14;106230;28
95018;ARGENTEUIL;95;111038;11
93048;MONTREUIL;93;111240;11
76540;ROUEN;76;112321;28
93066;SAINT-DENIS;93;112852;11
45234;ORLEANS;45;116269;24
25056;BESANCON;25;117912;27
66136;PERPIGNAN;66;119344;76
92012;BOULOGNE-BILLANCOURT;92;121583;11
74010;ANNECY;74;130721;84
87085;LIMOGES;87;130876;75
80021;AMIENS;80;134706;32
37261;TOURS;37;137087;24
29019;BREST;29;139926;53
72181;LE MANS;72;143847;52
13001;AIX EN PROVENCE;13;145133;93
30189;NIMES;30;148561;76
69266;VILLEURBANNE;69;152212;84
97411;SAINT DENIS;974;153810;4
49007;ANGERS;49;155850;52
21231;DIJON;21;158002;27
38185;GRENOBLE;38;158198;84
76351;LE HAVRE;76;168290;28
42218;SAINT-ETIENNE;42;173821;84
83137;TOULON;83;178745;93
51454;REIMS;51;181194;44
35238;RENNES;35;220488;53
59350;LILLE;59;234475;32
33063;BORDEAUX;33;260958;75
34172;MONTPELLIER;34;295542;76
44109;NANTES;44;318808;52
6088;NICE;6;342669;93
31555;TOULOUSE;31;493465;76
75101;PARIS 01;75;15917;11
75102;PARIS 02;75;21595;11
75103;PARIS 03;75;34025;11
75104;PARIS 04;75;29131;11
75105;PARIS 05;75;58227;11
75106;PARIS 06;75;40303;11
75107;PARIS 07;75;48888;11
75108;PARIS 08;75;35655;11
75109;PARIS 09;75;60026;11
75110;PARIS 10;75;86472;11
75111;PARIS 11;75;145208;11
75112;PARIS 12;75;139297;11
75113;PARIS 13;75;180005;11
75114;PARIS 14;75;135592;11
75115;PARIS 15;75;230981;11
75116;PARIS 16;75;165523;11
75117;PARIS 17;75;166543;11
75118;PARIS 18;75;192468;11
75119;PARIS 19;75;184573;11
75120;PARIS 20;75;194994;11
85307;FAUTE-SUR-MER (LA);85;664;52
69381;LYON 1ER;69;29641;84
69382;LYON 2EME;69;31303;84
69383;LYON 3EME;69;102725;84
69384;LYON 4EME;69;36064;84
69385;LYON 5EME;69;49664;84
69386;LYON 6EME;69;52862;84
69387;LYON 7EME;69;82573;84
69388;LYON 8EME;69;86154;84
69389;LYON 9EME;69;51983;84
13201;MARSEILLE 1ER;13;39893;93
13202;MARSEILLE 2EME;13;25217;93
13203;MARSEILLE 3EME;13;51792;93
13204;MARSEILLE 4EME;13;49296;93
13205;MARSEILLE 5EME;13;46152;93
13206;MARSEILLE 6EME;13;42135;93
13207;MARSEILLE 7EME;13;34697;93
13208;MARSEILLE 8EME;13;81436;93
13209;MARSEILLE 9EME;13;76633;93
13210;MARSEILLE 10EME;13;58491;93
13211;MARSEILLE 11EME;13;57278;93
13212;MARSEILLE 12EME;13;61406;93
13213;MARSEILLE 13EME;13;91358;93
13214;MARSEILLE 14EME;13;61702;93
13215;MARSEILLE 15EME;13;77243;93
13216;MARSEILLE 16EME;13;16002;93